date,equity_ml,ret_ml,equity_mom,ret_mom,portfolio_return_equal,portfolio_equity_equal,port_ret_vol,equity_vol_weighted,port_ret_sharpe,equity_sharpe_weighted
2023-10-11,23703.261255366426,0.0,6941.411281240904,0.0,0.0,10000.0,0.0,10000.0,0.0,10000.0
2023-10-12,23608.01095326881,-0.004018447127230207,6975.829666451582,0.004958413183741683,0.00046998302825573823,10004.699830282558,-0.004018218120320839,9959.817818796791,0.0026051422174847155,10026.051422174847
2023-10-13,23428.838449355648,-0.007589479023363266,6887.211932407639,-0.012703540407548397,-0.010146509715455831,9903.187046254376,-0.007589609487172588,9884.22669098874,-0.011362896601344864,9912.126436544908
2023-10-16,23582.971772414294,0.006578786370132095,6957.357705531633,0.010184930246436075,0.008381858308284085,9986.194156876514,0.006578878365755871,9949.253816128314,0.009239584837208832,10003.710369672504
2023-10-17,23604.472656323458,0.000911712235279527,6950.2120485721,-0.0010270647653852771,-5.767626505287504e-05,9985.618190495452,0.000911662775522608,9958.324180476704,-0.0005188171746173989,9998.52027292282
2023-10-18,23323.113717161646,-0.0119197299282362,6826.472592613534,-0.017803695066251568,-0.014861712497243884,9837.21480384106,-0.011919880032908036,9839.622150916615,-0.016261222102866374,9835.93211406481
2023-10-19,22801.317331140566,-0.022372501045481386,6676.946545764746,-0.02190385221945823,-0.022138176632469808,9619.436804942081,-0.0223724890898738,9619.485311696753,-0.022026707832383693,9619.278911129144
2023-10-20,22716.313960202897,-0.00372800262823314,6557.250692879035,-0.01792673523223498,-0.01082736893023406,9515.283613753902,-0.003728364849294621,9583.620360792316,-0.014204557985719915,9482.641306055197
2023-10-23,22766.917637839095,0.0022276359503066168,6569.640701673523,0.001889512750815392,0.0020585743505610044,9534.871532539488,0.0022276273245124957,9604.969095375773,0.0019781512592489114,9501.399404895776
2023-10-24,22873.49801634438,0.004681370583435873,6623.468830076078,0.008193466103685543,0.006437418343560708,9596.251489446553,0.004681460179810624,9649.934375724086,0.007272775335174531,9570.500948137344
2023-10-25,22959.763618706722,0.003771421507138939,6609.628738671366,-0.0020895533382548903,0.0008409340844420243,9604.321304406907,0.0037712719889679155,9686.326902930634,-0.0005531072468781535,9565.207434706674
2023-10-26,22567.12644866489,-0.01710109810198246,6443.3251248086335,-0.02516081015106486,-0.02113095412652366,9401.37283150709,-0.01710130371170377,9520.67808471277,-0.02304796827712869,9344.748837187399
2023-10-27,22639.06254535759,0.00318764982579145,6460.521805877351,0.002668914067754491,0.0029282819467729704,9428.902701844472,0.0031876365924260407,9551.026546560308,0.0028048998975724786,9370.959922243666
2023-10-30,22537.05772639974,-0.004505699772394789,6485.707394567481,0.0038983830481336135,-0.0003036583621305877,9426.039536693343,-0.004505485377498786,9507.994536114678,0.001695264873798642,9386.84618143362
2023-10-31,22620.593550249516,0.003706598477223766,6528.543308428414,0.006604663339701888,0.005155630908462827,9474.636717473111,0.003706672409183752,9543.237557128363,0.005844939821350638,9441.711732476377
2023-11-01,22880.93136126513,0.011508885053670204,6647.148460261249,0.018167169340779887,0.014838027197225045,9615.221634770804,0.01150905491184483,9653.071202210134,0.016421709730721212,9596.760781908248
2023-11-02,23230.272869441844,0.015267801063732378,6803.073149097987,0.023457380223851576,0.019362590643791977,9801.397235234204,0.015268009986467893,9800.454389725564,0.021310493874309496,9801.272493764316
2023-11-03,23265.079798469957,0.001498343528882895,6854.700413004482,0.007588815050936226,0.004543579289909561,9845.93066072439,0.0014984989016982838,9815.140359864712,0.0059922067372093005,9860.003744834676
2023-11-06,23248.516582042677,-0.0007119346493008605,6892.990647935802,0.005585982263889733,0.002437023807294436,9869.925428149547,-0.0007117739843870945,9808.154198303453,0.003934992440466096,9898.802785033567
2023-11-07,23318.36962144183,0.0030046235058760473,6955.438373031711,0.009059598117198808,0.006032110811537428,9929.461912033757,0.0030047779731367614,9837.625523995644,0.007472295267355727,9972.769562236663
2023-11-08,23316.68949154904,-7.205177377600513e-05,6978.5494682301,0.0033227373975444063,0.0016253428118842006,9945.600691578358,-7.196516998034028e-05,9836.917557602608,0.002432798318992904,9997.031299263375
2023-11-09,22981.774719859575,-0.014363735975934877,6870.384498624076,-0.015499635002724554,-0.014931685489329716,9797.09611004925,-0.014363764953630473,9695.622385936964,-0.015201860713302167,9845.057821905451
2023-11-10,19878.457435251417,-0.13503383974634664,7013.278085735978,0.020798484734081413,-0.057117677506132614,9237.50873393887,-0.13502986433871272,8386.42381048451,-0.020052734077456863,9647.637495425595
2023-11-13,19981.482389112898,0.005182743892329533,7037.48508391645,0.0034515953716003356,0.004317169631964934,9277.38862612004,0.005182699729341734,8429.888126897255,0.003905413456207431,9685.315508720842
2023-11-14,20264.35914586449,0.01415694547796531,7203.118904549768,0.02353593913994345,0.01884644230895438,9452.234395639962,0.014157184743619128,8549.231610477778,0.021077249496475922,9889.455320150239
2023-11-15,20369.940035719774,0.005210176600962457,7244.671018158179,0.005768628028917533,0.005489402314939995,9504.121513012742,0.005210190847506474,8593.774738767903,0.005622230793587362,9945.056120382993
2023-11-16,20226.738172533886,-0.007030058160935937,7241.076485077247,-0.0004961623615375998,-0.0037631102612367684,9468.356455823083,-0.00702989147601144,8533.361434985076,-0.002209013709182973,9923.087355074473
2023-11-17,20239.24641271669,0.0006184012506667003,7211.670876163451,-0.004060944387812571,-0.0017212715685729352,9452.058843054561,0.0006182818768048582,8538.637457708552,-0.002834260686535031,9894.962738694932
2023-11-20,20286.803769572292,0.0023497592689873947,7293.491303127756,0.011345557550989094,0.006847658409988244,9516.78331328291,0.0023499887590196005,8558.70315975151,0.008987322022976632,9983.891955232937
2023-11-21,20376.50694070608,0.004421749830711752,7290.657955791068,-0.00038847613837178496,0.0020166368461699835,9535.97520916949,0.004421627117987661,8596.546553737475,0.0008725176525580001,9992.603077205109
2023-11-22,20259.857729688243,-0.00572469125141406,7291.239495600859,7.976506555618101e-05,-0.0028224630929289396,9509.060271086524,-0.005724543175076046,8547.335251834054,-0.001441864775217632,9978.195094815355
2023-11-24,20263.792598563912,0.00019421996581470147,7289.884662108157,-0.00018581662192285187,4.201671945924801e-06,9509.100225038295,0.00019421027077641526,8548.995232127729,-8.619057929132434e-05,9977.33506839985
2023-11-27,20272.664300140303,0.00043781052008107224,7294.686670583786,0.0006587221469482873,0.0005482663335146798,9514.313744553701,0.00043781615571392835,8552.738120355476,0.0006008104830027306,9983.329555901375
2023-11-28,20472.592462691562,0.009861957934649723,7387.092305973606,0.012667526319183997,0.01126474212691686,9621.49003540068,0.00986202950695034,8637.085476063641,0.011932050618943523,10102.451149507984
2023-11-29,20412.008293188068,-0.0029592817623805834,7341.751842577143,-0.006137795700724924,-0.004548538731552754,9577.726315319413,-0.0029593628488215206,8611.525206183682,-0.005304552862156234,10048.862163348069
2023-11-30,20346.874049674545,-0.003190976731831885,7331.872482131738,-0.0013456407485896715,-0.0022683087402107782,9556.001075007027,-0.003190929655830296,8584.04643502134,-0.0018293929115865133,10030.47884613693
2023-12-01,20342.072859633547,-0.0002359669612774784,7321.984242531309,-0.0013486649726284217,-0.00079231596695295,9548.429702775078,-0.0002359953470965525,8582.020640003413,-0.0010569727958966945,10019.876902866747
2023-12-04,20258.722331131103,-0.0040974451855319005,7247.364899979105,-0.01019113673022698,-0.00714429095787944,9480.212942787595,-0.004097600640492651,8546.854946732214,-0.008593684292214835,9933.769244116655
2023-12-05,20370.009783825157,0.00549331052941282,7308.172851425662,0.008390353222966995,0.006941831876189908,9546.022987186909,0.005493384435296457,8593.806106667329,0.007630897664722955,10009.572820643481
2023-12-06,20366.616406549823,-0.0001665869241765927,7273.454727466629,-0.0047505887811971625,-0.0024585878526868776,9522.553251029141,-0.00016670386574206805,8592.373485967912,-0.0035488993145347788,9974.049854521516
2023-12-07,20452.24814925826,0.004204514927717451,7336.398250228872,0.008653868776353324,0.0064291918520353875,9583.77557280123,0.004204628434304194,8628.501223845175,0.007487477090632095,10048.730324308068
2023-12-08,20493.61385794865,0.002022550694110059,7382.1637471167915,0.006238142386353118,0.004130346540231589,9623.359887080707,0.0020226582372366267,8645.953732920592,0.005133031112334015,10100.310769702197
2023-12-11,20385.07943758831,-0.005296011777749299,7336.57386018377,-0.006175680802370076,-0.005735846290059687,9568.161773974487,-0.005296034218811945,8600.16446609678,-0.005945076837972244,10040.263646088919
2023-12-12,20356.92731635245,-0.001381016018213277,7359.406114039063,0.003112113949974127,0.000865548965880425,9576.443486503327,-0.0013809013948625996,8588.288486989499,0.0019342464177333635,10059.683990079464
2023-12-13,20442.57613816869,0.004207355092703091,7428.362259766841,0.009369797597694074,0.0067885763451985826,9641.453904226933,0.004207486790753625,8624.423597353687,0.008016470750542667,10140.327152545638
2023-12-14,20656.355012270156,0.01045753102038427,7458.039893702705,0.0039951786003493694,0.00722635481036682,9711.126471026673,0.010457366160588786,8714.612352835236,0.005689274954416631,10198.018261844207
2023-12-15,20693.052987544168,0.001776594914844054,7492.691737908585,0.004646240124719592,0.003211417519781823,9742.312952712544,0.0017766681217958988,8730.095326796327,0.0038939667772548187,10237.729006149664
2023-12-18,20644.43257752578,-0.002349600614643732,7500.881368246579,0.0010930157845088218,-0.0006282924150674551,9736.19193137914,-0.00234951279073711,8709.583856161664,0.0001905388672525807,10239.679691437736
2023-12-19,20751.37980776445,0.005180439318787533,7557.264182019595,0.007516825157600993,0.006348632238194263,9798.003433351942,0.005180498921864947,8754.703845938402,0.00690434498413393,10310.377972554452
2023-12-20,20540.948714387618,-0.010140583196212138,7432.544610847985,-0.016503269988674685,-0.013321926592443412,9667.47515086032,-0.010140745513457495,8665.924622191054,-0.014835300834939717,10157.420413609672
2023-12-21,20671.395021347467,0.006350549274702244,7517.417224929342,0.011419052091188764,0.008884800682945504,9753.368740683041,0.006350678576275949,8720.959124032825,0.010090351397712333,10259.912354877291
2023-12-22,20621.287414536037,-0.0024240070280542314,7511.101275678073,-0.0008401754302428399,-0.0016320912291485357,9737.45035310672,-0.0024239666232393395,8699.819810193534,-0.0012553745962602066,10247.032321547124
2023-12-26,20687.013597975445,0.0031872977723532703,7543.788763789871,0.00435189021051352,0.0037695939914333954,9774.156587449674,0.0031873274820408116,8727.548984963369,0.004046593984738986,10288.497900900922
2023-12-27,20775.342283919337,0.0042697649675511595,7574.285701575588,0.004042655320904753,0.004156210144227956,9814.780036209704,0.004269759173801846,8764.81351730672,0.004102191786784326,10330.703292488344
2023-12-28,20632.534860236552,-0.006873890294135987,7536.297268226616,-0.005015447640306148,-0.005944668967221067,9756.434417908345,-0.0068738428837727145,8704.565566283189,-0.005502635698069053,10273.857195764936
2023-12-29,20533.509395390498,-0.004799481281231088,7499.022485751566,-0.004946033993669885,-0.004872757637450487,9708.893677584198,-0.004799485019908374,8662.788134243001,-0.004907615411753566,10223.437055852846
2024-01-02,20437.874517977158,-0.004657502795640478,7413.210833760201,-0.01144304503079041,-0.008050273913215444,9630.73442408536,-0.004657675900267467,8622.439674721016,-0.009664224933437248,10124.635460552247
2024-01-03,20239.304741109387,-0.009715774343027173,7322.734217221239,-0.012204781243631446,-0.01096027779332931,9525.178899443605,-0.009715837839590333,8538.665449059776,-0.011552291679229264,10007.67271856608
2024-01-04,20197.830180244913,-0.002049208774461131,7281.918176595391,-0.00557387983983626,-0.0038115443071486954,9488.873258034857,-0.002049298691648128,8521.167173126596,-0.004649892410332047,9961.138117146933
2024-01-05,20179.89070834352,-0.0008881880747240167,7277.656451249647,-0.0005852476287692143,-0.0007367178517466155,9481.882635712704,-0.0008881803464701678,8513.598839914437,-0.0006646630291736338,9954.517316911973
2024-01-08,20293.28944647614,0.005619393076580881,7399.281502363087,0.01671211768900638,0.01116575538279363,9587.75501779143,0.0056196760608863035,8561.442507507094,0.01380417595182691,10091.931225470133
2024-01-09,20188.686938884897,-0.005154536817066235,7366.804602695673,-0.004389196391168859,-0.004771866604117547,9542.00352981357,-0.005154517292617879,8517.312404052394,-0.004589829278523218,10045.610984054627
2024-01-10,20184.732748336857,-0.00019586170016949733,7422.847048859471,0.007607429433283963,0.003705783866557233,9577.364132548986,-0.00019566263195149305,8515.645884290263,0.005561807932060186,10101.482742908134
2024-01-11,20055.515483506046,-0.006401732757222556,7389.434878196301,-0.004501260829334219,-0.0054514967932783875,9525.153162692337,-0.006401684274658779,8461.13140794424,-0.004999466800593431,10050.9807152982
2024-01-12,19910.075740350854,-0.007251857638603365,7366.575897187504,-0.0030934680913483614,-0.005172662864975863,9475.88275664447,-0.007251751554749415,8399.77338510174,-0.004183583905669436,10008.931594141484
2024-01-16,19897.012730270733,-0.0006561004714635832,7359.600468876795,-0.0009469023883093008,-0.000801501429886442,9468.287823065582,-0.0006561078900538151,8394.262227509113,-0.0008706690857805228,10000.217126820775
2024-01-17,19805.480377392196,-0.004600306293179535,7308.60685376058,-0.006928856441577702,-0.005764581367378618,9413.707107499762,-0.004600365696362198,8355.645551511408,-0.006318430383036807,9937.031451089704
2024-01-18,19821.062839048835,0.0007867752440089415,7371.4071440928055,0.008592648583896967,0.004689711913952954,9457.854681876268,0.000786974378101104,8362.221230472942,0.006546350160985558,10002.082738529263
2024-01-19,19866.853259637945,0.0023101899711905904,7452.329879515441,0.010977922375035698,0.006644056173113144,9520.693199659796,0.0023104110919990113,8381.541399157575,0.008705688843193534,10089.157758634778
2024-01-22,19837.797280562445,-0.0014625355458043332,7439.319854572726,-0.001745766109800817,-0.0016041508278025751,9505.420571782306,-0.001462542771243279,8369.283036372362,-0.0016715176264870167,10072.293553604812
2024-01-23,19861.621270955646,0.0012009393006826574,7470.816100896488,0.004233753480084923,0.0027173463903837902,9531.250092062119,0.001201016670205838,8379.334684816717,0.003438705622905211,10106.929206083147
2024-01-24,19828.704948251954,-0.0016572827693490666,7483.438313048095,0.0016895359196555937,1.6126575153263545e-05,9531.403798483032,-0.0016571973893188964,8365.44847325281,0.0008121722337648221,10115.137773352953
2024-01-25,19370.490046840983,-0.02310866506949394,7361.985374040607,-0.016229563728175966,-0.019669114398834953,9343.92952678918,-0.023108489578099082,8172.135594392522,-0.01803291021009424,9932.732402123347
2024-01-26,19357.635878170375,-0.0006635954299309965,7346.4086454772005,-0.0021158325875425543,-0.0013897140087367754,9330.94413702915,-0.0006636324776661305,8166.712299800191,-0.0017351307139766034,9915.497813058713
2024-01-29,19486.43276145162,0.0066535440635335785,7443.330003859484,0.013193025743531539,0.009923284903532559,9423.537754119836,0.006653710890958373,8221.051242372696,0.011478710065354029,10029.314937608464
2024-01-30,19447.67570656559,-0.001988925082414106,7416.959720637041,-0.003542807212466692,-0.002765866147440399,9397.47351005659,-0.0019889647231940448,8204.699861464045,-0.003135459256169666,9997.8684292543
2024-01-31,19320.30740587587,-0.006549281395448303,7260.504524709786,-0.021094249102085905,-0.013821765248767104,9267.58383726908,-0.0065496524492450634,8150.961928921087,-0.017281306823443084,9825.092197347942
2024-02-01,19382.333010180828,0.003210383924123983,7356.404511199122,0.013208446625569525,0.008209415274846754,9343.66528158368,0.0032106389827257237,8177.131725036795,0.010587468927457032,9929.115055696762
2024-02-02,19351.36884112707,-0.0015975460249028073,7417.730413355353,0.0083363961379328,0.0033694250565149964,9375.14806150314,-0.001597292602067456,8164.070453026263,0.005732227546414858,9986.03100253055
2024-02-05,19253.15933240475,-0.005075067791256105,7345.4590243319135,-0.009743059533859344,-0.007409063662557724,9305.686992669558,-0.005075186875470953,8122.636269812644,-0.008519352239988558,9900.956486940546
2024-02-06,19348.125335512246,0.004932489336836321,7385.946267156605,0.005511873756367969,0.005222181546602145,9354.282979561132,0.0049325041173977485,8162.70120665762,0.005359988967527152,9954.025504478514
2024-02-07,19394.28367982941,0.002385675279477306,7474.534673082442,0.01199418499966165,0.007189930139569478,9421.53962068994,0.002385920400269926,8182.176761987892,0.009475328052999457,10048.343161581372
2024-02-08,19414.9715315444,0.0010666984177667427,7481.433059027848,0.0009229184487227204,0.0009948084332447316,9430.912247758753,0.0010666947498243666,8190.904646982039,0.0009606101599624591,10057.995702113176
2024-02-09,19548.269366706503,0.006865723956665404,7563.432235042262,0.010960356841723806,0.008913040399194605,9514.970349624286,0.006865828414035746,8247.141992843946,0.009886954744321032,10157.438650438544
2024-02-12,19426.970987928726,-0.006205069947745168,7489.576051379867,-0.009764903203628994,-0.00798498657568708,9438.993439114474,-0.006205160761947858,8195.96715095174,-0.008831698056663702,10067.731219248786
2024-02-13,19323.983029886855,-0.0053012874784167385,7361.536304048689,-0.017095726974771575,-0.011198507226594157,9333.290802874777,-0.005301588364031891,8152.515506872264,-0.014003831694177495,9926.744405712208
2024-02-14,19396.189543749922,0.003736626851275515,7432.527211291692,0.00964349074852211,0.006690058799898813,9395.731067142564,0.0037367775401130725,8182.979643713769,0.00809501490847454,10007.101549669067
2024-02-15,19603.565194550883,0.010691566523064022,7502.598094572816,0.009427598620112887,0.010059582571588455,9490.248199632922,0.010691534278228639,8270.468251072582,0.009758945980465604,10104.760313113322
2024-02-16,19573.264894227897,-0.0015456525393354736,7461.69882307968,-0.005451347783472782,-0.003498500161404128,9457.046564774742,-0.0015457521767549961,8257.684156770703,-0.004427475415776202,10060.021735244702
2024-02-20,19451.51821178149,-0.006220049802846628,1704.8305266384646,-0.7715224686682238,-0.3888712592355352,5779.472958481695,-0.006239573281613785,8206.15973133811,-0.5708995448024142,4316.759905891108
2024-02-21,19480.144932968775,0.0014716959815479491,0.001,-0.9999994134314324,-0.4992638587249422,2893.990987833666,0.0014461476499883373,8218.027049949014,-0.7374652084103044,1133.2996622358762
2024-02-22,19555.842969683523,0.0038859072648189663,9.7714795526255,9770.4795526255,4885.2417192663825,14140739.499933789,0.25313858113851134,10298.326757131013,7209.163466988551,8171275.821803577
2024-02-23,19432.483512537718,-0.006308061347037985,0.001,-0.9998976613526525,-0.5031028613498452,7026492.99591432,-0.006333408614968666,10233.103245727638,-0.7394295826402925,2129192.7512486456
2024-02-26,19547.560857891505,0.005921906239083619,0.001,0.0,0.0029609531195418093,7047298.112270012,0.005921755166503852,10293.701177742392,0.0015524191682361925,2132498.1508885534
2024-02-27,19573.70164744091,0.0013372916313929561,0.001,0.0,0.0006686458156964781,7052010.258664748,0.001337257516010426,10307.466507009893,0.00035056906987057077,2133245.738781811
2024-02-28,19598.66258510223,0.0012752282685672967,0.001,0.0,0.0006376141342836483,7056506.720080785,0.0012751957364709504,10320.610544353447,0.0003342992489369214,2133958.881230084
2024-02-29,19586.576235435954,-0.000616692573474964,0.001,0.0,-0.000308346286737482,7054330.872436311,-0.0006166768411525941,10314.24606284419,-0.00016166506751710873,2133613.8946234714
2024-03-01,19585.28087178146,-6.613527749432802e-05,2.5010068273817883,2500.0068273817883,1250.0033806232555,8824991769.452824,0.06371104652690943,10971.37747364405,1844.6336307235642,3937869558.8961616
2024-03-04,19261.571996430495,-0.016528171205211772,0.15942802362653935,-0.9362544628502919,-0.47639131702775184,4620842317.644123,-0.016551634160879874,10789.783247459374,-0.6951495437522216,1200461331.6737328
2024-03-05,19059.91700403618,-0.010469290483231974,0.001,-0.993727577014048,-0.50209843374864,2300724627.3555727,-0.010494374191066292,10676.55122462004,-0.7359678372087586,316960401.74906945
2024-03-06,18970.56114174846,-0.004688155896418356,0.001,0.0,-0.002344077948209178,2295331549.491687,-0.0046880362977997645,10626.499164943702,-0.001228993297672611,316570859.5396922
2024-03-07,19006.899743615446,0.001915525934918838,0.001,0.0,0.000957762967459419,2297529933.0478315,0.0019154770683152624,10646.853980410622,0.0005021523574614584,316729826.3431137
2024-03-08,18971.08009325425,-0.0018845603882993167,0.1007985232538154,99.7985232538154,49.89831934671355,116940412240.90193,0.0006614280927027089,10653.896108732168,73.63599047576625,23639444302.335735
2024-03-11,19042.585558502105,0.0037691826135550777,0.001,-0.9900792197373571,-0.493155018561901,59270661071.60358,0.0037438287433689127,10693.782471212904,-0.7295432963639363,6393446181.79805
2024-03-12,19045.039810856528,0.00012888230681085133,0.001,0.0,6.444115340542567e-05,59274480541.366135,0.00012887901891979226,10695.160675406336,3.3786310600321956e-05,6393662192.756555
2024-03-13,18871.07645885989,-0.009134312856488247,0.001,0.0,-0.0045671564282441235,59003764716.53081,-0.009134079832838106,10597.470223972145,-0.0023945469236731722,6378352268.621884
2024-03-14,18771.108269602304,-0.005297429082836036,0.001,0.0,-0.002648714541418018,58847480586.92772,-0.005297293941169593,10541.332309162972,-0.0013887133835876345,6369494565.461213
2024-03-15,18785.150534831697,0.0007480786444631349,0.001,0.0,0.00037403932223156744,58869491858.68149,0.0007480595603766728,10549.217853575947,0.00019610773628061154,6370743672.621697
2024-03-18,18984.44028700726,0.010608898332011618,0.001,0.0,0.005304449166005809,59181762085.67446,0.010608627690502822,10661.130578210541,0.0027811073765045564,6388461394.843445
2024-03-19,18972.220681190185,-0.0006436642657006164,0.001,0.0,-0.0003218321328503082,59162715492.95659,-0.0006436478453087363,10654.26856448532,-0.0001687356576818982,6387383433.608411
2024-03-20,19085.94459137031,0.005994232941475053,0.001,0.0,0.0029971164707375264,59340033042.01409,0.005994080023783075,10718.131102855721,0.001571379508814829,6397420437.050926
2024-03-21,18934.506068472947,-0.0079345574002051,0.001,0.0,-0.00396727870010255,59104614592.86313,-0.007934354983279306,10633.089645928338,-0.002080032763479692,6384113592.940105
2024-03-22,18911.183296070878,-0.0012317602750093748,0.001,0.0,-0.0006158801375046874,59068213234.700516,-0.001231728851816422,10619.992562627496,-0.0003229041772016203,6382052135.993216
2024-03-25,18923.94001911638,0.0006745597483661658,0.001,0.0,0.0003372798741830829,59088135754.22852,0.0006745425398057331,10627.15619938341,0.00017683486384381978,6383180705.313728
2024-03-26,18999.012579669223,0.003967068193885925,0.001,0.0,0.0019835340969429627,59205339086.22183,0.003966966990793211,10669.313777232366,0.001039961197839168,6389818965.56605
2024-03-27,19087.36762985863,0.004650507483949795,0.001,0.0,0.0023252537419748975,59343006522.47696,0.004650388845772415,10718.930235014055,0.0012191238207153229,6397608946.077029
2024-03-28,18989.48739709142,-0.005128011083838202,0.001,0.0,-0.002564005541919101,59190850724.87919,-0.00512788026416085,10663.96484420901,-0.001344300699821612,6389008635.893633
2024-04-01,18959.301121986216,-0.0015896308559559813,0.001,0.0,-0.0007948154279779907,59143804923.52791,-0.001589590303197361,10647.013509099017,-0.00041671943316475837,6386346211.836398
2024-04-02,18788.29991861088,-0.009019383271308246,0.001,0.0,-0.004509691635654123,58877084601.16352,-0.00901915317960404,10550.98646335514,-0.0023644182988980396,6371246217.990034
2024-04-03,18830.93617087766,0.002269298044606405,0.001,0.0,0.0011346490223032024,58943889427.64229,0.002269240152992452,10574.929185491466,0.0005948932051029978,6375036429.073155
2024-04-04,18868.680690032827,0.002004388885006092,0.001,0.0,0.001002194442503046,59002962666.04619,0.0020043377514373578,10596.124915276723,0.0005254476514921212,6378386176.992989
2024-04-05,18767.322332492044,-0.005371777667228406,0.001,0.0,-0.002685888833614203,58844487267.4713,-0.005371640628869918,10539.206340173241,-0.0014082037576128405,6369404109.611041
2024-04-08,18897.262745866734,0.006923758811864245,0.001,0.0,0.0034618794059321223,59048199786.0952,0.0069235821812214824,10612.175401394281,0.0018150533733282445,6380964918.026281
2024-04-09,18984.240086467325,0.004602642285831404,0.001,0.0,0.002301321142915702,59184088656.71406,0.004602524868733634,10661.018202590561,0.0012065760281548801,6388664037.332869
2024-04-10,18866.091893554847,-0.006223488134070698,0.001,0.0,-0.003111744067035349,58999922919.973625,-0.006223329367894808,10594.67117491872,-0.0016314784264664251,6378241069.782019
2024-04-11,19016.98121104869,0.007997910661369678,0.001,0.0,0.003998955330684839,59235860976.24446,0.00799770662825136,10679.40424679851,0.0020966407294000346,6391613949.790856
2024-04-12,18973.81807503227,-0.002269715447336118,0.001,0.0,-0.001134857723668059,59168636701.897446,-0.0022696575450738866,10655.165656372868,-0.0005950026266257845,6387810922.702353
2024-04-15,18748.485059266815,-0.011875997486345269,0.001,0.0,-0.005937998743172634,58817293411.52634,-0.011875694520120352,10528.628163976507,-0.0031132755898850882,6367923906.883903
2024-04-16,18624.32746957241,-0.0066222731757752396,0.001,0.0,-0.0033111365878876198,58622541319.310905,-0.006622104236272959,10458.906490809697,-0.0017360193492291264,6356869067.767134
2024-04-17,18575.47915131793,-0.0026228232044505084,0.001,0.0,-0.0013114116022252542,58545663038.47283,-0.002622756294126067,10431.475327981248,-0.000687569315199715,6352498279.655395
2024-04-18,18462.908381205216,-0.006060181231165029,0.001,0.0,-0.0030300906155825147,58368264374.3169,-0.006060026631079267,10368.260309692234,-0.0015886677577153984,6342406270.457563
2024-04-19,18383.027594494168,-0.004326554899246826,0.001,0.0,-0.002163277449623413,58241997624.22228,-0.004326444525359814,10323.402606637861,-0.0011342001184835276,6335212712.51414
2024-04-22,18304.55289362924,-0.004268867054762593,0.001,0.0,-0.0021344335273812964,58117683951.79148,-0.004268758152538781,10279.334497598835,-0.0011190773333640167,6328123119.565526
2024-04-23,18366.466758271832,0.003382429770472095,0.001,0.0,0.0016912148852360476,58215973443.98618,0.003382343481974663,10314.102737635827,0.0008866990794684011,6333734260.510407
2024-04-24,18680.62687369255,0.017105092642776487,0.001,0.0,0.008552546321388244,58713868253.51058,0.01710465627813842,10490.521919780496,0.004484075333352663,6362135202.075973
2024-04-25,18837.35901410606,0.008390089983234539,0.001,0.0,0.004195044991617269,58960175572.46595,0.008389875945307042,10578.536097288978,0.0021994499722466578,6376128400.169609
2024-04-26,18795.326967079767,-0.002231313157795456,0.001,0.0,-0.001115656578897728,58894396264.695564,-0.0022312562352064438,10554.932672662544,-0.0005849355218827845,6372398776.176264
2024-04-29,19316.083773336795,0.0277067170562737,0.001,0.0,0.01385335852813685,59710281451.448555,0.027706010235690335,10847.367745328356,0.007263275862623566,6418683266.394277
2024-04-30,19079.17422461838,-0.012264885133985493,0.001,0.0,-0.006132442566992746,59344111579.78858,-0.01226457224692465,10714.329419926817,-0.0032152219250875156,6398045775.225974
2024-05-01,19005.967346110774,-0.003837004560351631,0.001,0.0,-0.0019185022801758156,59230259766.407745,-0.0038369066752865686,10673.21953785428,-0.0010058652041443523,6391610203.606151
2024-05-02,19056.938247152466,0.0026818367154630707,0.001,0.0,0.0013409183577315353,59309682709.06174,0.0026817682996566126,10701.842639666174,0.0007030396218851171,6396103758.826932
2024-05-03,19218.617221236804,0.00848399527707433,0.001,0.0,0.004241997638537165,59561274243.055954,0.008483778843547441,10792.634705839548,0.0022240671094099613,6410329122.825313
2024-05-06,19260.23013244642,0.0021652396075422242,0.001,0.0,0.0010826198037711121,59625756458.08933,0.0021651843705424952,10816.002749821608,0.0005676144361064574,6413967718.175622
2024-05-07,19144.468164268743,-0.0060104145891103355,0.001,0.0,-0.0030052072945551678,59446568699.83811,-0.006010261258611543,10750.995747521318,-0.0015756215043730944,6403861732.710509
2024-05-08,19093.451498599356,-0.002664825433208118,0.001,0.0,-0.001332412716604059,59367361335.743965,-0.0026647574513731192,10722.34695149343,-0.0006985801388094526,6399388122.092357
2024-05-09,19068.772653672146,-0.0012925292699971225,0.001,0.0,-0.0006462646349985612,59328994309.639496,-0.0012924962965383479,10708.488357768425,-0.00033883468147587013,6397219787.456367
2024-05-10,18988.505007920947,-0.004209376618465321,0.001,0.0,-0.0021046883092326607,59204125268.917465,-0.004209269233890273,10663.413447182596,-0.0011034820014039976,6390160570.561884
2024-05-13,19093.96253074285,0.005553755958034312,0.001,0.0,0.002776877979017156,59368527900.64369,0.005553614277263611,10722.633932347237,0.0014559091037369403,6399464063.510905
2024-05-14,19211.486973124353,0.006155057767201377,0.001,0.0,0.0030775288836006887,59551236260.034775,0.006154900746739053,10788.630679944448,0.001613539504617874,6409789851.585763
2024-05-15,19178.50977848661,-0.0017165352522622301,0.001,0.0,-0.0008582676261311151,59500125361.856705,-0.001716491462070635,10770.11208749489,-0.00044998723738277126,6406905527.958243
2024-05-16,19195.442588949627,0.0008829054321004559,0.001,0.0,0.00044145271605022796,59526391853.80303,0.0008828829084744592,10779.620835379294,0.00023145238394465102,6408388421.516397
2024-05-17,19243.019230983904,0.00247853842461887,0.001,0.0,0.001239269212309435,59600161078.54732,0.0024784751951149333,10806.337858232526,0.000649745268541044,6412552241.572251
2024-05-20,19213.7273083558,-0.0015222103286650635,0.001,0.0,-0.0007611051643325317,59554799088.15537,-0.0015221714958581912,10789.888758770112,-0.0003990452393032884,6409993343.128468
2024-05-21,19441.266515208292,0.011842533372144803,0.001,0.0,0.005921266686072402,59907438935.991806,0.011842231259616292,10917.665116717002,0.0031045030206758722,6429893186.824721
2024-05-22,19304.72289971629,-0.00702339095990423,0.001,0.0,-0.003511695479952115,59697062253.464775,-0.007023211787565428,10840.988042376583,-0.0018411717970494808,6418054648.8310995
2024-05-23,19135.42157307652,-0.008769943371849998,0.001,0.0,-0.004384971685924999,59435292325.75043,-0.008769719643557772,10745.915616585777,-0.002299027989492902,6403299361.555341
2024-05-24,19276.559833711897,0.007375759143658289,0.001,0.0,0.0036878795718291446,59654482526.16426,0.007375570982124388,10825.172879983824,0.001933544607535083,6415680426.5063095
2024-05-28,19231.867147886827,-0.0023184990584735887,0.001,0.0,-0.0011592495292367944,59585328095.378944,-0.0023184399117022942,10800.075367127793,-0.000607791179832819,6411781032.530453
2024-05-29,19225.86156092807,-0.00031227269367939403,0.001,0.0,-0.00015613634683969702,59576024659.92489,-0.00031226472735241753,10796.70288453789,-8.186183566791103e-05,6411256152.365229
2024-05-30,19286.257123740797,0.0031413709404557455,0.001,0.0,0.0015706854702278727,59669599856.23216,0.0031412908015624875,10830.618467996292,0.0008235058553136262,6416535859.346617
2024-05-31,19286.518638888916,1.3559663051276871e-05,0.001,0.0,6.779831525638436e-06,59670004406.06639,1.3559317133392458e-05,10830.765323786849,3.554646086204108e-06,6416558667.860696
2024-06-03,19278.47691773394,-0.0004169607436959044,0.001,0.0,-0.0002084803718479522,59657564381.35964,-0.0004169501066927726,10826.249435029531,-0.0001093056567906259,6415857301.70117
2024-06-04,19255.459900538026,-0.0011939230103152898,0.001,0.0,-0.0005969615051576449,59621951111.9325,-0.001193892552381319,10813.324056458827,-0.00031298519290614895,6413849233.365939
2024-06-05,19280.252737683593,0.001287574395710811,0.001,0.0,0.0006437871978554055,59660334960.76952,0.001287541548654855,10827.246660460585,0.0003375357683374783,6416014136.894924
2024-06-06,19314.296974379184,0.0017657567646429673,0.001,0.0,0.0008828783823214836,59713007780.78844,0.0017657117187710968,10846.364456770985,0.00046289058576831675,6418984049.43705
2024-06-07,19338.760104612284,0.0012665814482168969,0.001,0.0,0.0006332907241084484,59750823474.724625,0.0012665491367078758,10860.101910310126,0.00033203249746968904,6421115360.742202
2024-06-10,19221.104128770323,-0.006083946189181955,0.001,0.0,-0.0030419730945909773,59569063077.33486,-0.006083790982833044,10794.031320235534,-0.0015948977071384937,6410874338.576082
2024-06-11,19407.94406746707,0.00972056222395068,0.001,0.0,0.00486028111197534,59858585469.467705,0.009720314244608782,10898.952696634373,0.0025482313486997763,6427210729.538217
2024-06-12,19607.74228177301,0.010294661485595435,0.001,0.0,0.005147330742797718,60166697406.67507,0.010294398860520727,11011.150862855473,0.0026987306410333,6444556040.070399
2024-06-13,19716.896656030603,0.005566901721217654,0.001,0.0,0.002783450860608827,60334168452.35167,0.005566759705087986,11072.447293785459,0.001459355246570514,6453960936.739293
2024-06-14,19612.824112179696,-0.005278343020531873,0.001,0.0,-0.0026391715102659363,60174936233.87663,-0.005278208365766193,11014.004609849895,-0.0013837099999184398,6445030526.4520445
2024-06-17,19839.390069646543,0.011551929297430874,0.001,0.0,0.005775964648715437,60522504538.302216,0.011551634598445482,11141.234366568473,0.0030283215821762218,6464548151.493084
2024-06-18,19760.60423038885,-0.003971182530365769,0.001,0.0,-0.0019855912651828844,60402331581.94397,-0.0039710812223130295,11096.991619982004,-0.001041039765205488,6457818299.803294
2024-06-20,19638.73667733214,-0.0061671977048806115,0.001,0.0,-0.0030835988524403057,60216075021.59317,-0.0061670403747187364,11028.556024623658,-0.001616721971748146,6447377803.068445
2024-06-21,19634.90621482877,-0.0001950462785007545,0.001,0.0,-9.752313925037726e-05,60210202560.92374,-0.00019504130271368912,11026.405000689565,-5.113110022568707e-05,6447048141.547804
2024-06-24,19635.996209523255,5.551310928408881e-05,0.001,0.0,2.7756554642044406e-05,60211873788.701126,5.5511693100128476e-05,11027.01709509996,1.4552681427517134e-05,6447141963.385555
2024-06-25,19734.508786560426,0.005016938075665056,0.001,0.0,0.002508469037832528,60362913409.80997,0.005016810089549265,11082.337545720291,0.0013151830711392082,6455621135.353031
2024-06-26,19953.69320462304,0.011106656893931977,0.001,0.0,0.005553328446965988,60698128493.9904,0.011106373554202876,11205.42212635683,0.00291159406465557,6474417283.53439
2024-06-27,19984.14593839446,0.0015261702913407227,0.001,0.0,0.0007630851456703613,60744446334.214165,0.0015261313575120252,11222.523072438022,0.00040008333779978616,6477007590.011495
2024-06-28,19945.144494831016,-0.0019516192327495574,0.001,0.0,-0.0009758096163747787,60685171319.33988,-0.0019515694453769935,11200.621539309814,-0.0005116141633623126,6473693861.192239
2024-07-01,20244.11383561466,0.014989580088583532,0.001,0.0,0.007494790044291766,61139993937.1802,0.014989197692368162,11368.509869839927,0.003929496772466556,6499132220.32573
2024-07-02,20677.213953386658,0.021393878797997257,0.001,0.0,0.010696939398998628,61794004747.18136,0.021393333022983144,11611.720187460483,0.005608374430134886,6535581787.288272
2024-07-03,20982.337614943215,0.014756517113205359,0.001,0.0,0.007378258556602679,62249936891.453995,0.014756140662613496,11783.06436388156,0.0038683996500576702,6560864029.58714
2024-07-05,21139.776674765184,0.007503408948574153,0.001,0.0,0.0037517044742870764,62483480258.21376,0.007503217530591305,11871.475258980721,0.001967007819543597,6573769300.4363
2024-07-08,21185.450426878495,0.0021605598212317556,0.001,0.0,0.0010802799106158778,62550979906.682076,0.0021605047036171304,11897.123637116621,0.0005663876368836542,6577492602.095793
2024-07-09,21197.134835875167,0.0005515298830676141,0.001,0.0,0.00027576494153380704,62568229273.99893,0.0005515158130977616,11903.68508893287,0.00014458276233392763,6578443594.145433
2024-07-10,21255.559383185882,0.0027562473779161323,0.001,0.0,0.0013781236889580661,62654456032.93759,0.002756177063833969,11936.49375275009,0.0007225462695842811,6583196824.024055
2024-07-11,20797.5260392247,-0.02154887273037409,0.001,0.0,-0.010774436365187046,61979389583.4153,-0.021548323001340398,11679.28232986235,-0.005649005865667262,6546008306.5503
2024-07-12,20962.422670058128,0.007928665675062785,0.001,0.0,0.003964332837531392,62225096512.790985,0.007928463408439628,11771.8810924515,0.0020784882562423865,6559614107.940729
2024-07-15,21091.15137787399,0.006140927021748066,0.001,0.0,0.003070463510874033,62416156401.094124,0.006140770361772396,11844.169510966334,0.0016098351501047264,6570174005.302816
2024-07-16,21164.66482171466,0.003485511175923328,0.001,0.0,0.001742755587961664,62524932506.44122,0.003485422257736533,11885.45144300426,0.0009137217210386236,6576177316.002465
2024-07-17,20944.5385994458,-0.010400647689114972,0.001,0.0,-0.005200323844557486,62199782609.04862,-0.010400382360247172,11761.838203472864,-0.002726514771222057,6558247271.412209
2024-07-18,20893.306857537245,-0.0024460668668018215,0.001,0.0,-0.0012230334334009108,62123710195.36749,-0.002446004465673379,11733.068694702642,-0.000641232896554304,6554041907.518042
2024-07-19,20721.577551075672,-0.00821934544074443,0.001,0.0,-0.004109672720372215,61868402078.28928,-0.008219135758647215,11636.633010235346,-0.002154689537019912,6539919981.994722
2024-07-22,20929.756524029835,0.01004648282405296,0.001,0.0,0.00502324141202648,62179181997.70485,0.010046226530215042,11753.53726150515,0.0026336709633263187,6557143979.353779
2024-07-23,20855.28598262871,-0.0035581179033604693,0.001,0.0,-0.0017790589516802346,62068561567.363686,-0.0035580271329177992,11711.717857020953,-0.0009327554697785835,6551027767.44091
2024-07-24,20241.70139108538,-0.029421058625348606,0.001,0.0,-0.014710529312674303,61155500173.03145,-0.029420308070536264,11367.155509632197,-0.007712688029126869,6500501734.000492
2024-07-25,20301.123241120866,0.0029356153856541223,0.001,0.0,0.0014678076928270611,61245264686.64411,0.002935540495750161,11400.524254952212,0.0007695673337718632,6505504307.788105
2024-07-26,20299.725275861638,-6.88614734576376e-05,0.001,0.0,-3.44307367288188e-05,61243155967.05981,-6.885971674619676e-05,11399.739218081257,-1.8051935818079902e-05,6505386870.841878
2024-07-29,20516.290994731375,0.010668406391058705,0.001,0.0,0.005334203195529352,61569839405.32359,0.010668134231451574,11521.35316626329,0.002796707328242989,6523580533.976617
2024-07-30,20359.917511619617,-0.007621917779968901,0.001,0.0,-0.0038109588899844504,61335199278.48697,-0.007621723338730675,11433.540599942222,-0.001998074738544825,6510545932.506815
2024-07-31,20567.946236016436,0.01021756224101078,0.001,0.0,0.00510878112050539,61648547386.58334,0.010217301582799664,11550.360532411018,0.0026785191854111537,6527984554.694534
2024-08-01,20254.30468305595,-0.015249045741439593,0.001,0.0,-0.0076245228707197965,61178506627.087685,-0.01524865672604723,11374.233049590197,-0.0039975153186458685,6501888836.43726
2024-08-02,20115.719346096448,-0.006842265835737993,0.001,0.0,-0.0034211329178689964,60969206824.199684,-0.00684209128404644,11296.409508778881,-0.0017936901073278386,6490226462.752397
2024-08-05,19819.786294177673,-0.014711532151904017,0.001,0.0,-0.007355766075952008,60520731600.96454,-0.014711156848914612,11130.226256665665,-0.0038566069074192164,6465196210.54543
2024-08-06,19822.512675671132,0.0001375585716714145,0.001,0.0,6.877928583570725e-05,60524894173.6623,0.0001375550624418772,11131.757275633392,3.60607809033703e-05,6465429350.569476
2024-08-07,19704.099602636605,-0.005973666152821244,0.001,0.0,-0.002986833076410622,60344116417.79815,-0.005973513759804547,11065.26157037659,-0.0015659879548715204,6455304566.083412
2024-08-08,19873.98591720191,0.008621876563320585,0.001,0.0,0.004310938281660293,60604256179.336586,0.008621656612331451,11160.662455962003,0.002260212489473066,6469894926.087027
2024-08-09,19933.861235760352,0.0030127483640116637,0.001,0.0,0.0015063741820058318,60695548866.1648,0.0030126715063835347,11194.285865735445,0.0007897876326538537,6475004769.08422
2024-08-12,19911.39237937758,-0.0011271703016807466,0.001,0.0,-0.0005635851508403733,60661341756.10174,-0.0011271415466619342,11181.668321050964,-0.00029548606674099264,6473091495.392873
2024-08-13,20141.124968631164,0.011537746074027577,0.001,0.0,0.005768873037013789,61011289334.947586,0.011537451736867595,11310.67627964275,0.0030246034706442734,6492670030.395637
2024-08-14,20063.413278791115,-0.003858358952694152,0.001,0.0,-0.001929179476347076,60893587607.73714,-0.0038582605228614066,11267.03674386614,-0.0010114632272572098,6486102933.413177
2024-08-15,20324.93999231753,0.0130350060526776,0.001,0.0,0.0065175030263388,61290461749.2552,0.013034673519214194,11413.898889351423,0.003417108011724088,6508266647.711809
2024-08-16,20377.28115776558,0.0025752186952501255,0.001,0.0,0.0012876093476250627,61369379920.7238,0.0025751529993549107,11443.291425310672,0.0006750898618626445,6512660312.543979
2024-08-19,20489.26957303087,0.005495748642728504,0.001,0.0,0.002747874321364252,61538015263.926,0.00549560844177096,11506.179274269254,0.001440702569802929,6522043118.992513
2024-08-20,20469.68087948831,-0.0009560464550840697,0.001,0.0,-0.00047802322754203486,61508598663.25301,-0.0009560220655718899,11495.179112992628,-0.0002506261974904961,6520408524.1257305
2024-08-21,20505.720637061837,0.0017606409101198484,0.001,0.0,0.0008803204550599242,61562745940.81834,0.0017605959947575316,11515.417479297985,0.00046154947189333133,6523418015.236569
2024-08-22,20262.159433187044,-0.0118777197927189,0.001,0.0,-0.00593885989635945,61197133417.840645,-0.011877416782556566,11378.644066471225,-0.003113727090013603,6503105871.843045
2024-08-23,20460.677674458766,0.009797486883188489,0.001,0.0,0.004898743441594244,61496922473.815674,0.009797236941436811,11490.123338462716,0.0025683970370253806,6519808429.695748
2024-08-26,20342.315854574892,-0.005784843579820675,0.001,0.0,-0.0028924217899103377,61319047435.23998,-0.005784696003819323,11423.65646790332,-0.0015164883900545129,6509921215.906735
2024-08-27,20284.687542450367,-0.002832927801165952,0.001,0.0,-0.001416463900582976,61232191218.12984,-0.0028328555309046653,11391.294899495066,-0.0007426479317983565,6505086636.379572
2024-08-28,20203.889417745144,-0.003983207753934348,0.001,0.0,-0.001991603876967174,61110240948.70461,-0.003983106139108507,11345.922162848492,-0.0010441921601973205,6498294075.912459
2024-08-29,20257.946210370414,0.0026755636752688883,0.001,0.0,0.0013377818376344441,61191993119.13926,0.0026754954194927187,11376.278125625115,0.0007013951534576548,6502851947.883046
2024-08-30,20382.640856461112,0.006155344909883453,0.001,0.0,0.0030776724549417267,61380322030.82502,0.006155187882095889,11446.301254887314,0.0016136147786572925,6513345045.889572
2024-09-03,20237.18122316402,-0.007136446857963552,0.001,0.0,-0.003568223428981776,61161303327.67618,-0.007136264801478077,11364.617418134949,-0.0018708092374518821,6501159819.811009
2024-09-04,20363.45656210012,0.0062397691429258995,0.001,0.0,0.0031198845714629497,61352119534.29877,0.00623960996140841,11435.528198184738,0.001635746469424996,6511794069.033433
2024-09-05,20570.39181150415,0.010162088581227025,0.001,0.0,0.005081044290613512,61663852370.975555,0.01016182933819348,11551.734084126792,0.0026639768456131765,6529141337.656738
2024-09-06,20212.904238559815,-0.017378743984079348,0.001,0.0,-0.008689371992039674,61128032219.26194,-0.017378300638375994,11350.984576318262,-0.004555812637271518,6499395793.04011
2024-09-09,20309.958023285202,0.004801575448036832,0.001,0.0,0.002400787724018416,61274787648.607346,0.004801452955994474,11405.485794765673,0.0012587260693303608,6507576751.959705
2024-09-10,20470.322567966592,0.007895858007068934,0.001,0.0,0.003947929003534467,61516696159.9507,0.007895656577395712,11495.539593699508,0.0020698877734582036,6521046705.513428
2024-09-11,20538.91319619491,0.0033507350947001857,0.001,0.0,0.0016753675473500929,61619759236.31727,0.003350649614759364,11534.057119010587,0.0008783903659878315,6526774730.115707
2024-09-12,20569.469568972047,0.0014877307521217187,0.001,0.0,0.0007438653760608593,61665596041.694374,0.0014876927989165096,11551.216252728831,0.00039000646810740427,6529320214.476333
2024-09-13,20574.099383504312,0.00022508186303693556,0.001,0.0,0.00011254093151846778,61672535945.315544,0.00022507612101800876,11553.816155676035,5.900488533484838e-05,6529705476.266902
2024-09-16,20429.31975766244,-0.007036984858639794,0.001,0.0,-0.003518492429319897,61455541594.49499,-0.007036805339509729,11472.514200460062,-0.0018447354179708783,6517659897.305914
2024-09-17,20496.468989983914,0.0032869049541548456,0.001,0.0,0.0016434524770774228,61556540856.55859,0.003286821102572125,11510.222302233693,0.0008616573868265252,6523275887.101251
2024-09-18,20537.93016475209,0.002022844753817754,0.001,0.0,0.001011422376908877,61618800519.426025,0.002022793149424998,11533.50510105501,0.0005302858308473739,6526735087.874889
2024-09-19,20938.418021266676,0.019499913248410827,0.001,0.0,0.009749956624205414,62219581151.726,0.019499415789977558,11758.401712536308,0.005111874096551092,6560098935.905647
2024-09-20,20831.226504682272,-0.005119370359094599,0.001,0.0,-0.0025596851795472997,62060318611.97428,-0.0051192397598490685,11698.207634977216,-0.0013420355463088982,6551295049.94636
2024-09-23,21010.9413529191,0.0086271851634101,0.001,0.0,0.00431359258170505,62328021541.95714,0.008626965076994317,11799.127663707593,0.0022616041313199215,6566111485.896813
2024-09-24,21097.044961934786,0.004098036711892572,0.001,0.0,0.002049018355946286,62455732802.186424,0.004097932167687877,11847.479688511357,0.001074294405691589,6573165422.733259
2024-09-25,21131.010466740136,0.0016099650385461572,0.001,0.0,0.0008049825192730786,62506008575.32057,0.0016099239670462233,11866.553230010986,0.0004220500097644123,6575939627.264109
2024-09-26,21098.22067293564,-0.0015517380891986177,0.001,0.0,-0.0007758690445993088,62457512098.16552,-0.0015516985031148818,11848.139917126846,-0.00040678589908355387,6573264627.750512
2024-09-27,21209.83042086948,0.005290007610784464,0.001,0.0,0.002645003805392232,62622712455.34049,0.005289872658445727,11910.815068527896,0.0013867678554073078,6582380219.841363
2024-09-30,21300.939231843404,0.004295593560440736,0.001,0.0,0.002147796780220368,62757213315.520744,0.004295483976402319,11961.977783800648,0.0011260836482294718,6589792530.573355
2024-10-01,21146.131959227438,-0.007267626602330268,0.001,0.0,-0.003633813301165134,62529165319.030754,-0.007267441199344259,11875.044813629014,-0.0019051978179895448,6577237672.223103
2024-10-02,20998.206535946276,-0.006995389207179015,0.001,0.0,-0.0034976946035895073,62310457394.92742,-0.0069952107491873935,11791.976372501633,-0.001833831178012331,6565176128.714582
2024-10-03,20838.498850940112,-0.00760577741402646,0.001,0.0,-0.00380288870701323,62073497660.171425,-0.00760558338454192,11702.291512932024,-0.0019938435649227196,6552086194.537762
2024-10-04,21016.814165969827,0.008557013454050688,0.001,0.0,0.004278506727025344,62339079537.48048,0.008556795157771515,11802.42562428471,0.0022432087190524166,6566783891.417332
2024-10-07,20787.30094777705,-0.010920457134002803,0.001,0.0,-0.005460228567001402,61998693914.54935,-0.01092017854437898,11673.541029210766,-0.0028627820664973965,6547984620.258418
2024-10-08,20906.28232291584,0.005723752950789418,0.001,0.0,0.002861876475394709,62176126518.1686,0.00572360693325903,11740.355789581241,0.0015004735698802567,6557809698.117098
2024-10-09,20897.8878568039,-0.00040152840099827447,0.001,0.0,-0.00020076420049913724,62163643777.83805,-0.00040151815768658743,11735.641823554022,-0.0001052600904396298,6557119422.475188
2024-10-10,20851.647417530774,-0.0022126848220247464,0.001,0.0,-0.0011063424110123732,62094869502.303566,-0.002212628374659527,11709.675209460383,-0.000580052130563292,6553315951.383822
2024-10-11,20474.171080309286,-0.018102950316727928,0.001,0.0,-0.009051475158363964,61532819333.54162,-0.01810248849593994,11497.700948689933,-0.004745662281486025,6522216127.05468
2024-10-14,20581.160249307643,0.005225567793621266,0.001,0.0,0.002612783896810633,61693591293.02165,0.00522543448519397,11557.781431727664,0.0013698750504011173,6531150748.200457
2024-10-15,20622.93920731332,0.0020299612606671236,0.001,0.0,0.0010149806303335618,61756209093.19978,0.002029909474726568,11581.242681762747,0.0005321514128403699,6534626309.298585
2024-10-16,20625.22559624913,0.00011086629858270136,0.001,0.0,5.543314929135068e-05,61759632434.3581,0.00011086347029446784,11582.52661851677,2.9063440061796017e-05,6534816228.018651
2024-10-17,20622.647379292303,-0.00012500309122898123,0.001,0.0,-6.250154561449062e-05,61755772361.874374,-0.00012499990229982425,11581.078803821069,-3.276937983784715e-05,6534602086.143504
2024-10-18,20658.128709189503,0.001720503155808517,0.001,0.0,0.0008602515779042585,61808897862.49337,0.0017204592643925184,11601.00357814076,0.00045102741756703596,6537549370.847245
2024-10-21,20646.260211274093,-0.0005745195067029529,0.001,0.0,-0.00028725975335147647,61791142653.738464,-0.0005745048502493552,11594.338745317358,-0.00015060945896861778,6536564754.073522
2024-10-22,20622.60448837483,-0.001145763090128371,0.001,0.0,-0.0005728815450641855,61755743648.463715,-0.0011457338607926068,11581.054718823349,-0.00030036013938107537,6534601430.572915
2024-10-23,20478.504264228555,-0.006987489103401301,0.001,0.0,-0.0034937445517006505,61539984855.55567,-0.006987310846947666,11500.13428956742,-0.00183176017721623,6522631607.898412
2024-10-24,21285.970575408697,0.03942994570119107,0.001,0.0,0.019714972850595536,62753243986.209015,0.03942893981163851,11953.572392296534,0.010336503321355096,6590052811.17743
2024-10-25,21448.059500201507,0.007614824243911578,0.001,0.0,0.003807412121955789,62992171448.05415,0.007614629983635148,12044.594423046468,0.0019962151783117898,6603207974.624978
2024-10-28,21359.580654950896,-0.004125261087129073,0.001,0.0,-0.0020626305435645365,62862241871.21995,-0.004125155848408722,11994.908593920529,-0.0010814312363427508,6596067059.261151
2024-10-29,21311.53301428076,-0.00224946554177774,0.001,0.0,-0.00112473277088887,62791538647.73585,-0.0022494081561068476,11967.927148697609,-0.0005896941431283045,6592177397.148624
2024-10-30,21228.894724709673,-0.0038776323371816357,0.001,0.0,-0.0019388161685908178,62669797397.35492,-0.003877533415669387,11921.521111262236,-0.0010165157171662337,6585476345.214075
2024-10-31,21038.707371191813,-0.008958890982510237,0.001,0.0,-0.0044794454912551185,62389071455.96546,-0.008958662434012856,11814.72022792648,-0.0023485603327518144,6570009956.697431
2024-11-01,20982.85004453489,-0.002654979018977488,0.001,0.0,-0.001327489509488744,62306250618.10092,-0.0026549112883324172,11783.35319382487,-0.0006959989155389557,6565437236.892489
2024-11-04,20864.39964393319,-0.005645105424205821,0.001,0.0,-0.0028225527121029104,62130387941.437836,-0.005644961413036941,11716.836619729542,-0.0014798562343680964,6555721333.6661215
2024-11-05,21032.747834642618,0.008068681274439715,0.001,0.0,0.004034340637219858,62381043090.316216,0.008068475435906271,11811.373628182355,0.0021151931434103505,6569587950.481199
2024-11-06,21664.388770914236,0.030031308378606347,0.001,0.0,0.015015654189303174,63317735261.32842,0.030030542255833147,12166.07558302292,0.00787266412062867,6621308109.826267
2024-11-07,21874.09261997302,0.009679656844984397,0.001,0.0,0.004839828422492198,63624182236.09404,0.009679409909171537,12283.83601557696,0.002537508062678779,6638109732.540433
2024-11-08,22290.92250252873,0.019055870787303197,0.001,0.0,0.009527935393651599,64230389333.91347,0.019055384656749403,12517.90923591421,0.004995469006652045,6671270203.972094
2024-11-11,22751.573351185853,0.020665400842197812,0.001,0.0,0.010332700421098906,64894062704.831345,0.020664873651240864,12776.590248652079,0.005417404986080403,6707411176.438581
2024-11-12,22379.50001736641,-0.016353740819425644,0.001,0.0,-0.008176870409712822,64363432363.73416,-0.01635332362237546,12567.650533525388,-0.0042871095379537205,6678655770.009095
2024-11-13,22421.89077686079,0.0018941781300514382,0.001,0.0,0.0009470890650257191,64424390266.71337,0.0018941298080474938,12591.45529501806,0.0004965560612456903,6681972097.012668
2024-11-14,22134.412074321368,-0.012821340778097823,0.001,0.0,-0.006410670389048911,64011386735.69801,-0.012821013695407012,12430.02007423553,-0.003361095968565596,6659513347.53533
2024-11-15,22255.58279487855,0.005474313939323405,0.001,0.0,0.0027371569696617026,64186595949.03934,0.005474174285182344,12498.06417049021,0.001435083493261001,6669070305.213531
2024-11-18,22608.41239682877,0.015853532356448152,0.001,0.0,0.007926766178224076,64695388086.90351,0.015853127920117213,12696.197580538827,0.004155980611778695,6696786832.100587
2024-11-19,22737.5343301971,0.005711233991221754,0.001,0.0,0.002855616995610877,64880133336.66212,0.005711088293060069,12768.706685907418,0.001497191742709311,6706813206.048292
2024-11-20,22678.667251021663,-0.0025889825308480496,0.001,0.0,-0.0012944912654240248,64796146570.75826,-0.002588916483826345,12735.64957069113,-0.0006786980314870889,6702261305.127796
2024-11-21,22630.78956668259,-0.0021111330665569694,0.001,0.0,-0.0010555665332784847,64727749926.95276,-0.0021110792098585148,12708.7636056584,-0.000553430484527132,6698552069.406271
2024-11-22,22872.659102443584,0.010687631337312098,0.001,0.0,0.005343815668656049,65073643091.20926,0.010687358687261162,12844.586720783682,0.0028017471201389004,6717319718.37583
2024-11-25,22671.863652216227,-0.008778841556113859,0.001,0.0,-0.004389420778056929,64788007490.12085,-0.008778617600821813,12731.829005721329,-0.0023013606356470317,6701860743.198905
2024-11-26,22695.459476923752,0.0010407536437886389,0.001,0.0,0.0005203768218943194,64821721667.55543,0.001040727093328108,12745.079365115203,0.0002728320646763843,6703689225.702644
2024-11-27,22601.31972409703,-0.004147955361839761,0.001,0.0,-0.0020739776809198807,64687282863.57812,-0.004147849544170253,12692.214693480197,-0.001087380507683383,6696399764.709047
2024-11-29,22846.24458686426,0.01083675049763122,0.001,0.0,0.00541837524881561,65037782835.959274,0.010836474043430855,12829.753548559745,0.0028408384926606163,6715423154.922876
2024-12-02,23083.381735793715,0.010379699299279954,0.001,0.0,0.005189849649639977,65375319150.42384,0.010379434504822387,12962.919135230035,0.0027210231810801976,6733695976.998183
2024-12-03,23026.974382449887,-0.0024436347320965224,0.001,0.0,-0.0012218173660482612,65295442450.174904,-0.002443572393013788,12931.243303898318,-0.000640595315953767,6729382402.896262
2024-12-04,23144.48441721639,0.005103146979485995,0.001,0.0,0.0025515734897429976,65462048570.131805,0.005103016794111895,12997.23165564686,0.0013377826107740954,6738384853.656106
2024-12-05,23344.853888793903,0.0086573313954863,0.001,0.0,0.00432866569774315,65745411894.28134,0.00865711054001595,13109.750126803989,0.0022695069225219027,6753677664.728095
2024-12-06,23683.413792908923,0.01450254971514453,0.001,0.0,0.007251274857572265,66222149946.55108,0.01450217974346477,13299.870079534812,0.0038018224634324208,6779353948.184639
2024-12-09,23736.65914820332,0.0022482128530953993,0.001,0.0,0.0011241064265476997,66296590690.8858,0.0022481554993816003,13329.770255595178,0.0005893657525993456,6783349467.226448
2024-12-10,23750.549358752058,0.0005851796776459306,0.001,0.0,0.0002925898388229653,66315988399.67057,0.0005851647492428185,13337.570367264258,0.00015340400738603986,6784390060.218221
2024-12-11,23733.11856354152,-0.0007339112433673023,0.001,0.0,-0.00036695562168365115,66291653374.91981,-0.0007338925207026097,13327.782024127377,-0.00019239377254371448,6783084785.820127
2024-12-12,23753.136765223793,0.0008434711868428035,0.001,0.0,0.00042173559342140177,66319610924.69477,0.0008434496692160445,13339.023337467012,0.00022111475350077895,6784584625.940518
2024-12-13,23755.451626542515,9.745497369895162e-05,0.001,0.0,4.872748684947581e-05,66322842512.66396,9.745248754437683e-05,13340.32325847266,2.5547680611981106e-05,6784757956.341626
2024-12-16,23795.078899386626,0.001668133844268116,0.001,0.0,0.000834066922134058,66378160201.78568,0.0016680912888352747,13362.576135490364,0.00043729887817779494,6787724923.384643
2024-12-17,23828.306261526028,0.001396396384306886,0.001,0.0,0.000698198192153443,66424505313.23704,0.0013963607611146847,13381.23511247337,0.000366063295488646,6790209660.338968
2024-12-18,23754.36228003959,-0.0031031992234307193,0.001,0.0,-0.0015515996117153597,66321441076.58463,-0.0031031200583285907,13339.711533390644,-0.0008134991948226103,6784685830.247604
2024-12-19,23778.057026169245,0.000997490307267368,0.001,0.0,0.000498745153633684,66354518573.90359,0.0009974648604892653,13353.017426894265,0.0002614906434876782,6786459962.1112175
2024-12-20,23842.06051228918,0.002691703785952626,0.001,0.0,0.001345851892976313,66443821928.33381,0.0026916351184292824,13388.95887753749,0.0007056262601640598,6791248666.474035
2024-12-23,23852.682266274576,0.0004455048664908645,0.001,0.0,0.00022275243324543226,66458622451.342476,0.00044549350130425704,13394.923571706666,0.00011678845735827569,6792041805.92933
2024-12-24,23892.582292798976,0.0016727689606972351,0.001,0.0,0.0008363844803486176,66514207411.746124,0.0016727262870188547,13417.329612477666,0.00043851396725571397,6795020211.127416
2024-12-26,23903.748094454,0.00046733339737792257,0.001,0.0,0.00023366669868896128,66529749567.007935,0.0004673214753279774,13423.599818747129,0.000122510775205839,6795852674.32102
2024-12-27,23857.03965228629,-0.0019540216866051896,0.001,0.0,-0.0009770108433025948,66464749280.278755,-0.0019539718379441005,13397.370482737466,-0.0005122439631709741,6792371539.813999
2024-12-30,23810.875674842773,-0.0019350253894175884,0.001,0.0,-0.0009675126947087942,66400443791.59945,-0.0019349760253672826,13371.446892050404,-0.0005072641112974485,6788926013.501254
2024-12-31,23786.63625546165,-0.00101799781377776,0.001,0.0,-0.00050899890688888,66366646038.29259,-0.0010179718438367116,13357.83513560294,-0.00026686665670270463,6787114275.513429
2025-01-02,23697.168043672074,-0.003761280528642774,0.001,0.0,-0.001880640264321387,66241834251.545006,-0.00376118457535852,13307.593852130727,-0.000986014258591532,6780422084.063082
2025-01-03,23690.495379287077,-0.00028158066705274987,0.001,0.0,-0.00014079033352637493,66232508041.60733,-0.00028157348370399924,13303.846786570066,-7.381596521275991e-05,6779921580.662396
2025-01-06,23712.828233760796,0.0009426925911075745,0.001,0.0,0.00047134629555378726,66263726488.91798,0.0009426685422631796,13316.387904426854,0.0002471255013345337,6781597072.182027
2025-01-07,23674.834980671076,-0.0016022236029875625,0.001,0.0,-0.0008011118014937813,66210641835.616745,-0.0016021827289778613,13295.052617714011,-0.0004200206036128067,6778748661.68631
2025-01-08,23681.50722800152,0.00028182867318360394,0.001,0.0,0.00014091433659180197,66219971864.28632,0.0002818214835080179,13298.799449166054,7.38809796617961e-05,6779249482.278317
2025-01-10,23601.84396884742,-0.0033639437890128354,0.001,0.0,-0.0016819718945064177,66108591732.755585,-0.003363857972107623,13254.064176619519,-0.000881853006126069,6773271180.743092
2025-01-13,23568.48064692243,-0.0014135896317688523,0.001,0.0,-0.0007067948158844262,66061866522.83345,-0.0014135535699631126,13235.328846886136,-0.0003705704804805372,6770761206.387219
2025-01-14,23553.228753245032,-0.0006471309672391179,0.001,0.0,-0.00032356548361955895,66040491183.043175,-0.0006471144584089,13226.76407422752,-0.0001696444484836513,6769612584.336548
2025-01-15,23615.733762341602,0.0026537766754359815,0.001,0.0,0.0013268883377179908,66128119540.61112,0.002653708975463659,13261.864056767638,0.0006956837229159586,6774322093.621918
2025-01-16,23484.86788111338,-0.005541470044725272,0.001,0.0,-0.002770735022362636,65944896043.83697,-0.005541328677378077,13188.375709154381,-0.0014526883693061308,6764481114.70658
2025-01-17,23508.290290617304,0.0009973404842000821,0.001,0.0,0.0004986702421000411,65977780801.112404,0.0009973150412440862,13201.5286746187,0.00026145136758696174,6766249697.545035
2025-01-21,23408.336284627923,-0.004251861992246808,0.001,0.0,-0.002125930996123404,65837516591.851875,-0.004251753523835785,13145.39902855637,-0.0011146194807839928,6758707903.820303
2025-01-22,23424.541356495385,0.0006922778137847807,0.001,0.0,0.00034613890689239035,65860305517.87749,0.0006922601532222826,13154.499064502046,0.0001814796291051112,6759934471.623919
2025-01-23,23422.226703703942,-9.881315310367178e-05,0.001,0.0,-4.940657655183589e-05,65857051585.65119,-9.88106323008506e-05,13153.19926013188,-2.5903725381463554e-05,6759759364.137769
2025-01-24,23410.242849535327,-0.0005116445297970174,0.001,0.0,-0.0002558222648985087,65840203885.55501,-0.0005116314773345299,13146.469669362743,-0.0001341268745759465,6758852698.741371
2025-01-27,23506.65606233563,0.004118420018962565,0.001,0.0,0.0020592100094812826,65975782692.42244,0.004118314954763352,13200.610972004426,0.001079637860202682,6766149812.006466
2025-01-28,23621.044952125216,0.004866234035425743,0.001,0.0,0.0024331170177128714,66136309492.04829,0.00486610989389094,13264.8465956607,0.001275676224635277,6774781228.453964
2025-01-29,23636.024509176885,0.0006341614895541969,0.001,0.0,0.00031708074477709847,66157280042.318825,0.0006341453115857612,13273.258435938242,0.00016624451863889942,6775907498.698173
2025-01-30,23611.92084105407,-0.0010197852059874446,0.001,0.0,-0.0005098926029937223,66123546934.59106,-0.0010197591904485867,13259.722908660993,-0.00026733521898914496,6774096059.983158
2025-01-31,23590.26903667196,-0.0009169861498291576,0.001,0.0,-0.0004584930749145788,66093229746.23276,-0.000916962756776706,13247.564236588574,-0.00024038659487830312,6772467658.097919
2025-02-03,23481.463464764445,-0.004612307377180547,0.001,0.0,-0.0023061536885902734,65940808600.662636,-0.004612189713518541,13186.463957087404,-0.0012091097178938593,6764279001.6383915
2025-02-04,23546.692257172897,0.0027778844579398054,0.001,0.0,0.0013889422289699027,66032396574.340515,0.00277781359187837,13223.093495896217,0.0007282183988644989,6769204874.062436
2025-02-05,23542.198494321037,-0.00019084476081732138,0.001,0.0,-9.542238040866069e-05,66026095605.87531,-0.00019083989221434328,13220.57000215872,-5.002967843275199e-05,6768866212.919342
2025-02-06,23552.411743367833,0.00043382732709784655,0.001,0.0,0.00021691366354892327,66040417568.163,0.0004338162598146388,13226.305300389673,0.00011372720727094577,6769636017.170127
2025-02-07,23476.288651820974,-0.003232072043250267,0.001,0.0,-0.0016160360216251335,65933693874.48969,-0.0032319895904991004,13183.55801933805,-0.000847283018421863,6763900219.531882
2025-02-10,23479.96936681393,0.00015678436432375875,0.001,0.0,7.839218216187938e-05,65938862560.63051,0.00015678036462882453,13185.624942371427,4.110079468154392e-05,6764178221.206052
2025-02-11,23120.99733146579,-0.015288437124432619,0.001,0.0,-0.0076442185622163095,65434811483.47311,-0.01528804710413447,12984.042487155004,-0.00400784171280897,6737068465.578228
2025-02-12,23332.69595149658,0.009156119738082502,0.001,0.0,0.004578059869041251,65734375967.963875,0.009155886158121315,13102.922902039605,0.002400263566189893,6753239205.559082
2025-02-13,23769.20205174195,0.018707915328463054,0.001,0.0,0.009353957664231527,66349252537.85288,0.018707438074532207,13348.045020824882,0.0049042529856298265,6786358799.095617
2025-02-14,23809.134596058873,0.0016800119848363604,0.001,0.0,0.0008400059924181802,66404986307.57715,0.0016799691263826226,13370.469324357433,0.00044041271557350485,6789347597.803183
2025-02-18,23774.15307635668,-0.0014692478452359437,0.001,0.0,-0.0007346239226179718,66356203616.054474,-0.0014692103635445194,13350.825292260633,-0.00038516120076007086,6786732604.530036
2025-02-19,23903.420332989084,0.005437302276015021,0.001,0.0,0.0027186511380075107,66536602984.52912,0.005437163566071188,13423.415913116696,0.0014253809391764685,6796406283.82382
2025-02-20,23798.26044177951,-0.004399365854117709,0.001,0.0,-0.0021996829270588547,66390243554.919556,-0.004399253622764817,13364.36290203104,-0.0011532874051503005,6788568074.056401
2025-02-21,23794.44334994641,-0.00016039373308129878,0.001,0.0,-8.019686654064939e-05,66384919265.41758,-0.00016038964130847148,13362.219396658866,-4.2046985488729864e-05,6788282635.233102
2025-02-24,23669.16160083853,-0.005265168311162083,0.001,0.0,-0.0026325841555810414,66210155378.78992,-0.00526503399249381,13291.866857320296,-0.0013802562688838924,6778913065.570866
2025-02-25,23109.88071322904,-0.02362909582693795,0.001,0.0,-0.011814547913468976,65427912325.70898,-0.02362849302974394,12977.800073929819,-0.006194333346200475,6736922218.317806
2025-02-26,22777.142824176895,-0.014398079037321487,0.001,0.0,-0.007199039518660744,64956894199.25272,-0.014397711730772544,12790.949449565778,-0.0037744356261162973,6711494139.086613
2025-02-27,22557.194684695656,-0.00965652896761815,0.001,0.0,-0.004828264483809075,64643265134.011925,-0.009656282621816,12667.436426679411,-0.002531445123028195,6694504359.979989
2025-02-28,22841.223425391116,0.012591492189769626,0.001,0.0,0.006295746094884813,65050242718.03998,0.012591170970700729,12826.934284488214,0.003300841493079686,6716601857.747014
2025-03-03,22621.522164718743,-0.009618629290589764,0.001,0.0,-0.004809314645294882,64737395633.056114,-0.009618383911638785,12703.559906130644,-0.002521509777429422,6699665880.491605
2025-03-04,22338.937464841838,-0.012491851689699018,0.001,0.0,-0.006245925844849509,64333050660.543365,-0.012491533012539227,12544.872968186442,-0.003274720879885684,6677726344.744501
2025-03-05,22478.530711751664,0.006248875853183566,0.001,0.0,0.003124437926591783,64534055283.960526,0.006248716439346591,12623.262322132263,0.0016381337803672515,6688665353.845876
2025-03-06,22157.761523354744,-0.01427002469646399,0.001,0.0,-0.007135012348231995,64073604002.62798,-0.014269660656684028,12443.13265241513,-0.003740866365594909,6663643950.592954
2025-03-07,22193.03906962487,0.0015921078594938187,0.001,0.0,0.0007960539297469094,64124610046.88732,0.0015920672435448507,12462.942956318122,0.0004173687760649463,6666425147.512745
2025-03-10,21218.991709086135,-0.043889769106561505,0.001,0.0,-0.021944884553280752,62717402882.38423,-0.04388864944333541,11915.96122187599,-0.011505639586254291,6589723662.436721
2025-03-11,21298.245257141847,0.00373502893739186,0.001,0.0,0.00186751446869593,62834528539.706116,0.003734933653806762,11960.466546461033,0.0009791324418573098,6596175874.657488
2025-03-12,21598.261903122468,0.014086449017672864,0.001,0.0,0.007043224508836432,63277086231.11815,0.014086089661055767,12128.94275062254,0.003692742266517411,6620533852.107218
2025-03-13,21349.511270672047,-0.011517159740268679,0.001,0.0,-0.005758579870134339,62912700076.10688,-0.011516865928282589,11989.255343111805,-0.0030192067929798922,6600545091.327783
2025-03-14,21588.747363500122,0.01120569411613248,0.001,0.0,0.00560284705806624,63265190312.6433,0.011205408249884375,12123.59984384348,0.0029375565294271705,6619934565.658591
2025-03-17,21354.632501519205,-0.010844300414424857,0.001,0.0,-0.005422150207212428,62922156947.880264,-0.010844023767620057,11992.131238987726,-0.002842817692444577,6601115298.552512
2025-03-18,21081.004631487718,-0.012813513415041,0.001,0.0,-0.0064067567075205,62519029996.80277,-0.0128131865320325,11838.473824505963,-0.003359044036644425,6578941861.573707
2025-03-19,21328.237615380098,0.011727760996888215,0.001,0.0,0.005863880498444107,62885634117.582664,0.011727461812295087,11977.309074198713,0.0030744156082551217,6599168263.118732
2025-03-20,21320.75208892025,-0.0003509678856189469,0.001,0.0,-0.00017548394280947344,62874598698.56164,-0.0003509589321465758,11973.105530596042,-9.200572435177444e-05,6598561101.862566
2025-03-21,21628.334622204005,0.014426439180051043,0.001,0.0,0.007213219590025521,63328126985.60909,0.014426071150012102,12145.830402867025,0.0037818701965755025,6623516003.433983
2025-03-24,22259.60541808833,0.029187212372618454,0.001,0.0,0.014593606186309227,64252312731.35366,0.029186467783411652,12500.324290623084,0.007651385571691361,6674195078.216524
2025-03-25,22497.134323260525,0.010670849761747148,0.001,0.0,0.005335424880873574,64595126119.3542,0.01067057753980767,12633.70997023892,0.0027973478543402808,6692865123.498023
2025-03-26,22143.029321561407,-0.015740004776208183,0.001,0.0,-0.007870002388104091,64086762322.534996,-0.015739603236056908,12434.860387907942,-0.0041262195205738345,6665248892.776877
2025-03-27,22196.206471220416,0.0024015300204307533,0.001,0.0,0.0012007650102153766,64163715464.34989,0.002401468755472997,12464.722316608173,0.0006295576265976598,6669445051.050496
2025-03-28,21776.674554392164,-0.018901063899014248,0.001,0.0,-0.009450531949507124,63557334221.35497,-0.018900581717708385,12229.131813874576,-0.004954886604457181,6636398707.1078825
2025-03-31,21745.92971684164,-0.0014118242651663948,0.001,0.0,-0.0007059121325831974,63512468328.01347,-0.0014117882483965737,12211.866869291654,-0.00037010769217522236,6633942524.898041
2025-04-01,21947.675425601807,0.00927740093834295,0.001,0.0,0.004638700469171475,63807083644.64487,0.00927716426440103,12325.15836421307,0.0024320572576854455,6650076652.962787
2025-04-02,22245.210527881438,0.013556565627563355,0.001,0.0,0.0067782828137816775,64239586103.1109,0.013556219788696706,12492.240919928834,0.0035538341010508687,6673709922.1466875
2025-04-03,21651.257827891717,-0.026700250790851365,0.001,0.0,-0.013350125395425683,63381979573.28413,-0.026699569646029996,12158.703463452208,-0.006999432184668525,6626997742.126473
2025-04-04,20888.47851134713,-0.03523025417774828,0.001,0.0,-0.01761512708887414,62265497947.95631,-0.03522935542569622,11730.360177622608,-0.009235560253624165,6565793705.178432
2025-04-07,20670.48510257161,-0.010436059699470257,0.001,0.0,-0.0052180298497351285,61940594721.05525,-0.010435793467213659,11607.94456151291,-0.0027357979785951323,6547831020.031934
2025-04-08,20273.91403348167,-0.019185377949383575,0.001,0.0,-0.009592688974691788,61346417860.98873,-0.019184888514998163,11385.247439212008,-0.005029419122158866,6514899233.49112
2025-04-09,21648.037884730395,0.06777792630369284,0.001,0.0,0.03388896315184642,63425384355.377556,0.06777619723440931,12156.896215214594,0.017767885496517918,6630655217.093143
2025-04-10,21025.866615182284,-0.02874030768335656,0.001,0.0,-0.01437015384167828,62513951824.723206,-0.028739574495046966,11807.51219080888,-0.007534230152815265,6580698334.623598
2025-04-11,21286.81192123374,0.012410680179195888,0.001,0.0,0.006205340089597944,62901872156.14035,0.01241036357278646,11954.047709986926,0.003253441885634122,6602108254.222185
2025-04-14,21347.192657376014,0.0028365326083443776,0.001,0.0,0.0014182663041721888,62991083761.88875,0.0028364602461215674,11987.954891096544,0.0007435929267941655,6607017535.221955
2025-04-15,21377.45726045026,0.001417732231117963,0.001,0.0,0.0007088661155589815,63035736006.74989,0.00141769606363119,12004.95016755664,0.00037165645691721874,6609473075.949885
2025-04-16,21017.218619417505,-0.016851332534258967,0.001,0.0,-0.008425666267129484,62504617932.25414,-0.01685090264324488,11802.655921046136,-0.004417552487381827,6580275381.7229395
2025-04-17,21050.537956163957,0.0015853352125132503,0.001,0.0,0.0007926676062566251,62554163318.130486,0.001585294769339941,11821.36660974209,0.0004155933364399585,6583010100.323524
2025-04-21,20719.129074159515,-0.01574348753911059,0.001,0.0,-0.007871743769555295,62061752972.771255,-0.01574308591011124,11635.26181963,-0.00412713252183894,6555841145.246884
2025-04-22,21019.690725640638,0.0145064809628499,0.001,0.0,0.00725324048142495,62511901791.78156,0.014506110890880856,11804.044217829985,0.0038028530343409265,6580772045.638744
2025-04-23,21343.12454716723,0.015387182701601665,0.001,0.0,0.0076935913508008325,62992842818.72893,0.01538679016222461,11985.670569275357,0.0040337277232567635,6607317088.27967
2025-04-24,21571.141123039375,0.010683373719168499,0.001,0.0,0.005341686859584249,63329330859.46159,0.010683101177732818,12113.7147006499,0.002800630991691352,6625821745.289037
2025-04-25,22095.890508364777,0.024326454605822168,0.001,0.0,0.012163227302911084,64099619905.64649,0.024325834018446162,12408.39091380472,0.0063771449429685404,6668075570.925017
2025-04-28,22126.34414169256,0.001378248743414634,0.001,0.0,0.000689124371707317,64143792515.94065,0.001378213583183313,12425.492326707574,0.00036130591763732786,6670484786.088045
2025-04-29,22264.787575110844,0.0062569502007074895,0.001,0.0,0.0031284751003537448,64344464773.66903,0.00625679058088743,12503.236030060207,0.0016402504589097808,6681426051.819576
2025-04-30,22083.5989928257,-0.008137898539292143,0.001,0.0,-0.004068949269646072,64082650410.722435,-0.008137690934970736,12401.488559560587,-0.0021333383494287453,6667172309.394357
2025-05-01,22061.749195049408,-0.0009894129024616838,0.001,0.0,-0.0004947064512308419,64050948310.15228,-0.0009893876617446588,12389.218679792491,-0.0002593731634831505,6665443023.820982
2025-05-02,22087.828606074057,0.0011821098496804794,0.001,0.0,0.0005910549248402397,64088805938.59169,0.0011820796931097152,12403.863723607368,0.0003098883899061456,6667508567.227646
2025-05-05,21859.79376673105,-0.0103240043831333,0.001,0.0,-0.00516200219156665,63757979381.88179,-0.010323741009497733,12275.809447007741,-0.0027064228392462224,6649463469.76043
2025-05-06,21755.729109286287,-0.004760550742392788,0.001,0.0,-0.002380275371196394,63606217833.84185,-0.004760429296923589,12217.371324072754,-0.0012479715019931184,6641165128.846626
2025-05-07,21742.440499582026,-0.0006108096693752119,0.001,0.0,-0.00030540483468760593,63586792187.399216,-0.0006107940871304459,12209.909025907733,-0.00016012287270337193,6640101726.408098
2025-05-08,21932.5432290661,0.00874339426099513,0.001,0.0,0.004371697130497565,63864774384.342415,0.008743171209992025,12316.662350979672,0.0022920681784241773,6655321292.276698
2025-05-09,22217.39336353147,0.01298755604812274,0.001,0.0,0.00649377802406137,64279498052.75111,0.012987224725147023,12476.621612795601,0.0034046690615567076,6677980458.775232
2025-05-12,22793.500641023984,0.025930462141348976,0.001,0.0,0.012965231070674488,65112896598.112,0.025929800634453718,12800.13792380691,0.0067976332019201785,6723374920.463577
2025-05-13,23138.698377475503,0.01514456870351144,0.001,0.0,0.00757228435175572,65605949966.11936,0.015144182353412146,12993.985546673868,0.003970126814037376,6750067571.516136
2025-05-14,23404.603543578593,0.011491794471980121,0.001,0.0,0.005745897235990061,65982915012.69419,0.011491501307082378,13143.30594856768,0.0030125573245302355,6770402537.019781
2025-05-15,23294.71444888098,-0.004695191460645898,0.001,0.0,-0.002347595730322949,65828013803.13612,-0.004695071682544418,13081.597184993543,-0.0012308376606741912,6762069270.599294
2025-05-16,23436.318203115898,0.006078793305050345,0.001,0.0,0.0030393966525251725,66028091247.93176,0.006078638230155644,13161.115481753743,0.0015935468860051201,6772844945.028408
2025-05-19,23402.46484208641,-0.0014444829062351117,0.001,0.0,-0.0007222414531175558,65980403023.36228,-0.0014444460563171524,13142.10496039939,-0.00037866910776620394,6770280277.876036
2025-05-20,23411.900664501656,0.0004031978032619232,0.001,0.0,0.0002015989016309616,65993704600.14097,0.000403187517362445,13147.403693071292,0.00010569772183211639,6770995881.077572
2025-05-21,23157.232282640405,-0.010877732035117993,0.001,0.0,-0.0054388660175589965,65634773682.81843,-0.010877454535445724,13004.393407140757,-0.002851581743527773,6751687832.837589
2025-05-22,23279.543993895244,0.0052817931677668906,0.001,0.0,0.0026408965838834453,65808108332.421364,0.005281658424985186,13073.078171141406,0.0013846144510334423,6761036317.379803
2025-05-23,23161.38560710533,-0.005075631499521616,0.001,0.0,-0.002537815749760808,65641099478.63338,-0.005075502016089487,13006.725736527282,-0.0013305694674389298,6752040288.887651
2025-05-27,23714.038983502902,0.023860980762223205,0.001,0.0,0.011930490381111603,66424229984.5688,0.023860372049458435,13317.071051746088,0.006255121647100312,6794275122.260766
2025-05-28,23593.488273675775,-0.005083516557891743,0.001,0.0,-0.0025417582789458715,66255395648.082924,-0.005083386873305449,13249.375227570765,-0.0013326365241031603,6785220823.078035
2025-05-29,23587.0725148979,-0.0002719292163776421,0.001,0.0,-0.00013596460818882106,66246387259.17323,-0.00027192227924514227,13245.772427260312,-7.128585135677931e-05,6784737132.835019
2025-05-30,23615.937148529792,0.0012237480345922425,0.001,0.0,0.0006118740172961212,66286921702.27685,0.0012237168157979714,13261.981501717783,0.0003208037799474419,6786913702.153182
2025-06-02,23547.523323463272,-0.002896934584312283,0.001,0.0,-0.0014484672921561415,66190907264.29339,-0.0028968606811866004,13223.563388950834,-0.0007594272175624077,6781759535.16452
2025-06-03,23602.489377593574,0.002334260523930931,0.001,0.0,0.0011671302619654655,66268160675.22848,0.0023342009750720065,13254.429843507249,0.0006119230252399589,6785909449.975728
2025-06-04,23336.98153228439,-0.011249145844812403,0.001,0.0,-0.005624572922406201,65895430573.07692,-0.011248858870075835,13105.332632794316,-0.0029489473373481936,6765898160.371737
2025-06-05,22339.415104841664,-0.04274616346859994,0.001,0.0,-0.02137308173429997,64487042149.52166,-0.04274507297967128,12545.144232982655,-0.01120584501984298,6690080554.16657
2025-06-06,22605.910612717344,0.011929386092920602,0.001,0.0,0.005964693046460301,64871687561.41771,0.011929081764709495,12694.796284287979,0.003127271335995684,6711002251.3191185
2025-06-09,22857.452546339846,0.011127263923665698,0.001,0.0,0.005563631961832849,65232609755.75244,0.011126980058234733,12836.051029386605,0.002916996167739862,6730578219.167909
2025-06-10,23245.750001130305,0.01698778348126284,0.001,0.0,0.00849389174063142,65786688480.97666,0.01698735010927561,13054.101522243322,0.0044533229060782185,6760551657.32248
2025-06-11,23199.865667272727,-0.001973880552589069,0.001,0.0,-0.0009869402762945345,65721760948.47075,-0.001973830197312374,13028.334942459938,-0.0005174499362087334,6757053410.298662
2025-06-12,23050.234317807972,-0.006449664476973038,0.001,0.0,-0.003224832238486519,65509819294.99402,-0.006449499940857162,12944.308697019076,-0.0016907702281173558,6745628785.562731
2025-06-13,23144.28833046095,0.004080392908644592,0.001,0.0,0.002040196454322296,65643472196.042946,0.004080288814547475,12997.125215007572,0.001069669108151081,6752844376.289701
2025-06-16,23252.258329363875,0.004665081827589512,0.001,0.0,0.002332540913794756,65796588280.66376,0.004664962817608931,13057.75632087139,0.0012229444638523982,6761102729.93494
2025-06-17,22943.058691280617,-0.013297617534757333,0.001,0.0,-0.006648808767378667,65359119347.63968,-0.013297278301864305,12884.123701074834,-0.003485951232491221,6737533855.5405245
2025-06-18,23076.87032909959,0.005832336464790089,0.001,0.0,0.0029161682323950444,65549717535.17859,0.005832187677207133,12959.266328555856,0.001528938581260641,6747835130.99481
2025-06-20,23139.54086878275,0.0027157295937194625,0.001,0.0,0.0013578647968597313,65638725189.063705,0.002715660313278485,12994.459293813523,0.0007119245909723785,6752639080.760393
2025-06-23,23709.243678091458,0.024620316044268842,0.001,0.0,0.012310158022134421,66446748268.512535,0.02461968796025175,13314.378826839406,0.006454180294666488,6796221830.852431
2025-06-24,23518.608825503718,-0.00804052862993243,0.001,0.0,-0.004020264314966215,66179614777.60308,-0.008040323509595538,13207.326913742309,-0.002107812968310447,6781896666.3418455
2025-06-25,23261.58580065481,-0.010928496100933827,0.001,0.0,-0.005464248050466913,65817992946.57391,-0.010928217306229508,13062.99437519452,-0.0028648894700685937,6762467281.995349
2025-06-26,23216.374000622454,-0.001943625014210526,0.001,0.0,-0.000971812507105263,65754030197.83587,-0.0019435754307768915,13037.605460274513,-0.0005095184905174513,6759021679.873652
2025-06-27,23171.83318855462,-0.0019185085520520007,0.001,0.0,-0.0009592542760260003,65690955363.20266,-0.0019184596093594687,13012.593340796213,-0.0005029342462354603,6755622336.3997965
2025-06-30,23100.952674556138,-0.003058908348843703,0.001,0.0,-0.0015294541744218515,65590484057.30065,-0.0030588303136373234,12972.79002582635,-0.0008018884060139261,6750205081.172829
2025-07-01,22777.368647486204,-0.014007388856578928,0.001,0.0,-0.007003694428289464,65131108349.55972,-0.014007031516849976,12791.079747073125,-0.003672016759464287,6725418214.9849415
2025-07-02,23157.530510942746,0.016690332818514397,0.001,0.0,0.008345166409257199,65674638287.156166,0.016689907034732242,13004.561678925618,0.004375346644413073,6754844251.004149
2025-07-03,23166.315592465828,0.000379361759619945,0.001,0.0,0.0001896808798099725,65687095510.32768,0.00037935208179706555,13009.494986471376,9.944913741507444e-05,6755516014.438284
2025-07-07,22652.46951414404,-0.022180742391720742,0.001,0.0,-0.011090371195860371,64958601238.340225,-0.02218017654318499,12720.942090933762,-0.0058146495848513825,6716235056.049475
2025-07-08,22725.32740221862,0.003216333125582116,0.001,0.0,0.001608166562791058,65063065488.817406,0.0032162510743433672,12761.855834600388,0.0008431570838850963,6721897897.21402
2025-07-09,22699.789161698533,-0.0011237787719438064,0.001,0.0,-0.0005618893859719032,65026507242.900444,-0.0011237501034456387,12747.514697786097,-0.0002945969821184567,6719917646.379393
2025-07-10,23014.057941320298,0.013844568219692155,0.001,0.0,0.0069222841098460774,65476639200.70677,0.013844215033648294,12923.994032406838,0.0036293335646478547,6744306469.045066
2025-07-11,23074.252819099107,0.0026155699239260866,0.001,0.0,0.0013077849619630433,65562268564.81334,0.0026155031986386515,12957.796780137785,0.0006856678781853308,6748930823.351526
2025-07-14,23111.53159192107,0.001615600431971842,0.001,0.0,0.000807800215985921,65615229779.52053,0.0016155592167085002,12978.73086815417,0.000423527320012394,6751789179.9360895
2025-07-15,22988.32576288436,-0.005330924458497477,0.001,0.0,-0.0026654622292487384,65440334862.87974,-0.005330788462337124,12909.543999386437,-0.0013974941479436977,6742353594.06898
2025-07-16,23233.795642228204,0.010678023353060562,0.001,0.0,0.005339011676530281,65789721574.8287,0.010677750948117013,13047.388895065644,0.002799228400943085,6761226981.738699
2025-07-17,23183.916571903093,-0.0021468326180185127,0.001,0.0,-0.0010734163090092563,65719101814.7251,-0.002146777850595856,13019.379049577607,-0.0005627890703859501,6757421837.090977
2025-07-18,23417.091306527727,0.010057607561753557,0.001,0.0,0.005028803780876778,66049590282.406815,0.010057350984114654,13150.319514274437,0.0026365872972483294,6775238369.668799
2025-07-21,23410.216305408503,-0.0002935890298769728,0.001,0.0,-0.0001467945149384864,66039894564.839424,-0.00029358154018525125,13146.458823217508,-7.696394018480932e-05,6774716920.628178
2025-07-22,23513.25860530212,0.004401595378245693,0.001,0.0,0.0022007976891228465,66185235012.18765,0.004401483090015851,13204.32273942149,0.0011538718716806017,6782534075.921489
2025-07-23,23519.39719975977,0.0002610694910771816,0.001,0.0,0.0001305347455385908,66193874484.99837,0.0002610628309849878,13207.769897297081,6.84389900527369e-05,6782998265.703643
2025-07-24,22935.489313424572,-0.024826651864239158,0.001,0.0,-0.012413325932119579,65372188346.306274,-0.02482601851642974,12879.873557266043,-0.006508270931884212,6738852675.259943
2025-07-25,22937.127503724536,7.142600175558123e-05,0.001,0.0,3.571300087779061e-05,65374522983.32607,7.142417962096579e-05,12880.79349166849,1.872422320772758e-05,6738978855.041598
2025-07-28,23134.832948110386,0.008619450903507797,0.001,0.0,0.0043097254517538985,65656269228.923584,0.00861923101439919,12991.81602642195,0.0022595766062562497,6754206094.0125065
2025-07-29,23006.880538455174,-0.005530725462431496,0.001,0.0,-0.002765362731215748,65474705828.92725,-0.005530584369187217,12919.963691778865,-0.0014498716925750027,6744413361.79098
2025-07-30,22932.29175585346,-0.00324202068494428,0.001,0.0,-0.00162101034247214,65368570653.608246,-0.003241937978395281,12878.077970806999,-0.0008498910404742502,6738681345.301538
2025-07-31,22691.281265473488,-0.010509655683168084,0.001,0.0,-0.005254827841584042,65025070068.57311,-0.01050938757341889,12742.737258211078,-0.0027550910594351602,6720115664.574716
2025-08-01,22504.80358226707,-0.008218032336946846,0.001,0.0,-0.004109016168473423,64757881004.30523,-0.008217822688347962,12638.019702858895,-0.0021543453087557425,6705638214.918444
2025-08-04,22653.973500985107,0.006628359059999811,0.001,0.0,0.0033141795299999055,64972500247.93586,0.006628189965241741,12721.786898233913,0.0017376147549894433,6717290030.822307
2025-08-05,22637.032162713564,-0.0007478307622637015,0.001,0.0,-0.00037391538113185074,64948206030.74256,-0.0007478116845009132,12712.273397343683,-0.0001960427543200183,6715973154.783097
2025-08-06,23007.460741926796,0.016363831466537526,0.001,0.0,0.008181915733268763,65479606779.51308,0.016363414012066837,12920.289589979,0.00428975478652132,6744783032.769977
2025-08-07,23148.39599928179,0.00612563285170209,0.001,0.0,0.003062816425851045,65680158794.71564,0.00612547658189297,12999.432521293693,0.001605825805514814,6755613979.416596
2025-08-08,23426.92473541979,0.01203231256915771,0.001,0.0,0.006016156284578855,66075300894.82061,0.012032005615209609,13155.841766384438,0.0031542533630961704,6776922897.5309515
2025-08-11,23593.131891605837,0.007094706542287055,0.001,0.0,0.0035473532711435274,66309693329.59165,0.007094525550630525,13249.176221936103,0.0018598670739781067,6789527073.2909565
2025-08-12,23663.9957409539,0.003003579587213423,0.001,0.0,0.0015017897936067115,66409276550.25122,0.003003502963488147,13288.970161982463,0.0007873840510576225,6794873038.62269
2025-08-13,23684.35403681259,0.0008603067749652915,0.001,0.0,0.00043015338748264575,66437842725.519585,0.000860284827849171,13300.402461390557,0.00022552817861335288,6796405473.963
2025-08-14,23676.837671058747,-0.0003173557421984885,0.001,0.0,-0.00015867787109924425,66427300510.07548,-0.00031734764619886573,13296.181609975936,-8.319434949631942e-05,6795840051.43068
2025-08-15,23556.48941648234,-0.005082953063597406,0.001,0.0,-0.002541476531798703,66258477084.75838,-0.005082823393386304,13228.599467046039,-0.0013324888048876912,6786784670.642342
2025-08-18,23642.300832633802,0.0036427930594538083,0.001,0.0,0.0018213965297269041,66379160044.98554,0.0036427001288799644,13276.787288029547,0.0009549529396616988,6793265730.614424
2025-08-19,23516.495615057444,-0.0053211918106848,0.001,0.0,-0.0026605959053424,66202551923.569786,-0.005321056062812102,13206.140758535912,-0.0013949427483753672,6783789513.845716
2025-08-20,23342.142790063866,-0.007414064912033114,0.001,0.0,-0.003707032456016557,65957136914.91799,-0.007413875773288325,13108.232071507566,-0.0019435864093938532,6770604632.742416
2025-08-21,23248.390547425042,-0.004016436857662065,0.001,0.0,-0.0020082184288310323,65824680577.05252,-0.004016334395135125,13055.585028179357,-0.0010529031217505042,6763475841.988463
2025-08-22,23700.087212715123,0.019429158520399614,0.001,0.0,0.009714579260199807,66464139653.79563,0.01942866286697623,13309.237588222995,0.005093325846786006,6797924428.308576
2025-08-25,23828.526240736217,0.005419348328481455,0.001,0.0,0.0027096741642407274,66644235815.864006,0.005419210076557229,13381.36314267239,0.0014206743377594003,6807582065.093902
2025-08-26,23963.03087189072,0.005644689469907815,0.001,0.0,0.0028223447349539077,66832328823.933945,0.0056445454693502635,13456.894855373092,0.00147974719254959,6817655565.542775
2025-08-27,23936.23689473197,-0.0011181380728504386,0.001,0.0,-0.0005590690364252193,66794964938.256294,-0.0011181095482510309,13441.84857274549,-0.0002931182809973542,6815657186.062972
2025-08-28,23889.46766931491,-0.0019539088630659007,0.001,0.0,-0.0009769544315329504,66729709301.255775,-0.0019538590172830305,13415.585095702678,-0.0005122143866430878,6812166108.397842
2025-08-29,23632.636047667536,-0.010750830667410116,0.001,0.0,-0.005375415333705058,66371009398.664116,-0.01075055640509356,13271.360091423994,-0.0028183147332524494,6792967280.289182
2025-09-02,23506.05264699494,-0.005356296285241924,0.001,0.0,-0.002678148142620962,66193258003.1192,-0.005356159641825913,13200.27656811017,-0.0014041453356830938,6783428966.967115
2025-09-03,23723.703686356737,0.00925936151979223,0.001,0.0,0.004629680759896115,66499711656.13107,0.009259125306050353,13322.499582928822,0.002427328250164667,6799894575.731619
2025-09-04,23833.66622188018,0.0046351335768317625,0.001,0.0,0.0023175667884158813,66653829179.30456,0.004635015330855088,13384.24957274101,0.0012150935731671264,6808157083.928805
2025-09-05,24087.674703534147,0.01065754967319199,0.001,0.0,0.005328774836595995,67009012426.998,0.010657277790548444,13526.889238455738,0.0027938612553333603,6827178130.225817
2025-09-08,23970.879146148538,-0.004848768460347541,0.001,0.0,-0.0024243842301737706,66846556833.99047,-0.004848644764373572,13461.302157771439,-0.0012710976493520818,6818500120.152779
2025-09-09,23934.456693986238,-0.0015194458217504536,0.001,0.0,-0.0007597229108752268,66795771973.250565,-0.001519407059468371,13440.848960243286,-0.00039832052780808816,6815784171.58606
2025-09-10,23848.143452383953,-0.003606233586408214,0.001,0.0,-0.001803116793204107,66675331395.09057,-0.003606141588495862,13392.37935582306,-0.0009453689266015093,6809340741.01982
2025-09-11,24328.254889609638,0.020132025714466817,0.001,0.0,0.010066012857233408,67346486138.17384,0.020131512130337346,13661.988203278892,0.005277581466639109,6845277591.514657
2025-09-12,24945.985705085834,0.025391497182151834,0.001,0.0,0.012695748591075917,68201500194.67648,0.025390849424685138,14008.87768859017,0.006656344316232797,6890842116.103972
2025-09-15,25274.280090675013,0.013160208999969392,0.001,0.0,0.006580104499984696,68650273193.013176,0.013159873272478341,14193.232743661663,0.0034499297835401716,6914615037.553992
2025-09-16,25534.1979689659,0.010283888496859017,0.001,0.0,0.005141944248429509,69003269070.4111,0.010283626146611897,14339.190643009331,0.0026959065175942575,6933256193.300389
2025-09-17,25545.677604175078,0.00044957884414986715,0.001,0.0,0.00022478942207493358,69018780275.38673,0.0004495673750328207,14345.637075306806,0.00011785644471799795,6934073322.22565
2025-09-18,25530.508287299963,-0.0005938114897620084,0.001,0.0,-0.0002969057448810042,68998288203.0183,-0.0005937963411544433,14337.118688499959,-0.00015566682446631943,6932993917.050962
2025-09-19,25634.643473750722,0.004078852848478531,0.001,0.0,0.0020394264242392657,69139005135.20682,0.004078748793669585,14395.596194055375,0.0010692653836026828,6940407127.451192
2025-09-22,25779.230032850257,0.005640279696013328,0.001,0.0,0.002820139848006664,69333986798.64015,0.005640135807952647,14476.789311626295,0.001478591176691688,6950669152.19249
2025-09-23,25756.681144116006,-0.0008746920953619508,0.001,0.0,-0.0004373460476809754,69303663853.54381,-0.0008746697812647644,14464.126901485679,-0.00022929926958024544,6949075368.832798
2025-09-24,25727.70919814913,-0.001124832264093767,0.001,0.0,-0.0005624161320468835,69264686354.9826,-0.0011248035687201692,14447.857599928466,-0.00029487315356412926,6947026273.064435
2025-09-25,25790.026324167764,0.0024221793529568547,0.001,0.0,0.0012110896764784274,69348572101.57164,0.0024221175612180574,14482.85200954323,0.0006349708192978812,6951437432.028727
2025-09-26,25770.757360997173,-0.0007471478674891951,0.001,0.0,-0.0003735739337445976,69322665282.69208,-0.0007471288071476005,14472.031453597245,-0.00019586373444110917,6950075897.533556
2025-09-29,25756.681144116006,-0.0005462088942124188,0.001,0.0,-0.0002731044471062094,69303732954.51811,-0.0005461949599852615,14464.126902956543,-0.00014318787279004073,6949080730.950059
2025-09-30,25759.414519682694,0.00010612297257539538,0.001,0.0,5.306148628769769e-05,69307410313.59396,0.00010612026529321424,14465.661839940718,2.781998399923017e-05,6949274054.264804
2025-10-01,25770.620567102473,0.0004350272561985946,0.001,0.0,0.0002175136280992973,69322485619.86545,0.00043501615830423266,14471.954636581657,0.00011404176695178495,6950066561.756984
2025-10-02,25793.579628993553,0.0008909006219426363,0.001,0.0,0.00044545031097131815,69353365342.6421,0.0008908778943529314,14484.847381055464,0.00023354831141522996,6951689738.066707
2025-10-03,25805.742191039848,0.00047153447568093476,0.001,0.0,0.00023576723784046738,69369716594.02386,0.00047152244645811125,14491.677311729152,0.00012361208181583129,6952549050.907366
2025-10-06,25787.566536390477,-0.0007043259796527535,0.001,0.0,-0.0003521629898263767,69345287147.2247,-0.0007043080117318768,14481.47070729507,-0.0001846380383875966,6951265345.888812
2025-10-07,25784.69678398364,-0.00011128434328178116,0.001,0.0,-5.564217164089058e-05,69341428624.85477,-0.00011128150432889193,14479.859187449865,-2.9173029875925098e-05,6951062556.4172
2025-10-08,25806.288949564096,0.0008374023461028557,0.001,0.0,0.00041870117305142784,69370461962.36105,0.0008373809832970934,14491.984346174257,0.00021952381566534208,6952588480.1925125
2025-10-09,25751.351395404603,-0.002128843642216882,0.001,0.0,-0.001064421821108441,69296622528.90794,-0.0021287893337074318,14461.133964473864,-0.0005580732863589963,6948708426.290669
2025-10-10,25631.50034208176,-0.004654165580771474,0.001,0.0,-0.002327082790385737,69135363551.18907,-0.004654046849273109,14393.83116950959,-0.0012200827855141506,6940230426.758195
